,Rk,keyname,Player,Split,Year,AS,Lg,G,GS,PA,AB,R,H,2B,3B,HR,RBI,SB,CS,BB,SO,BA,OBP,SLG,OPS,TB,GDP,HBP,SH,SF,IBB,ROE,BAbip,tOPS+,sOPS+
0,1,Jose Abreu2021,Jose Abreu,1st Half,2021,0,AL,83,83,356,308,45,78,14,1,15,66,1,0,32,86,0.253,0.334,0.451,0.786,139,13,9,0,7,0,0,0.294,89,118
1,2,Ronald Acuna Jr.2021,Ronald Acuna,1st Half,2021,1,NL,82,80,360,297,72,84,19,1,24,52,17,6,49,85,0.283,0.394,0.596,0.99,177,0,9,0,5,2,1,0.311,100,173
2,3,Willy Adames2021,Willy Adames,1st Half,2021,0,SPL,89,84,337,304,43,76,21,1,14,45,3,4,33,98,0.25,0.323,0.464,0.787,141,4,0,0,0,0,4,0.323,92,117
3,4,Ehire Adrianza2021,Ehire Adrianza,1st Half,2021,0,NL,66,23,146,125,21,32,6,2,4,23,0,0,16,26,0.256,0.338,0.432,0.77,54,4,1,1,3,0,2,0.286,111,114
4,5,Jesus Aguilar2021,Jesus Aguilar,1st Half,2021,0,NL,86,77,342,303,29,81,16,0,15,64,0,0,29,61,0.267,0.328,0.469,0.797,142,6,2,0,7,3,0,0.282,102,120
5,6,Nick Ahmed2021,Nick Ahmed,1st Half,2021,0,NL,79,70,279,254,26,53,15,2,2,15,5,2,22,68,0.209,0.277,0.307,0.584,78,6,2,1,0,1,4,0.277,90,64
6,7,Shogo Akiyama2021,Shogo Akiyama,1st Half,2021,0,NL,46,14,94,86,9,19,4,0,0,7,2,1,6,19,0.221,0.287,0.267,0.555,23,0,2,0,0,0,2,0.284,107,57
7,8,Hanser Alberto2021,Hanser Alberto,1st Half,2021,0,AL,65,34,158,151,16,40,12,2,1,11,1,1,2,17,0.265,0.282,0.391,0.673,59,1,2,2,1,0,1,0.291,94,86
8,9,Ozzie Albies2021,Ozzie Albies,1st Half,2021,1,NL,87,87,371,336,53,88,25,5,15,61,13,2,29,66,0.262,0.324,0.5,0.824,168,1,3,0,3,1,3,0.283,107,126
9,10,Sergio Alcantara2021,Sergio Alcantara,1st Half,2021,0,NL,35,23,93,81,10,14,3,3,2,4,1,0,9,28,0.173,0.261,0.358,0.619,29,1,1,1,1,0,0,0.231,96,71
10,11,Jorge Alfaro2021,Jorge Alfaro,1st Half,2021,0,NL,47,39,163,152,10,32,4,0,3,10,4,0,7,54,0.211,0.264,0.296,0.56,45,4,4,0,0,0,2,0.305,80,57
11,12,Abraham Almonte2021,Abraham Almonte,1st Half,2021,0,NL,37,28,121,97,14,22,10,0,2,13,0,1,23,23,0.227,0.372,0.392,0.764,38,1,0,0,1,0,0,0.274,111,115
12,13,Pete Alonso2021,Pete Alonso,1st Half,2021,0,NL,78,77,313,277,39,69,12,0,17,49,1,0,28,67,0.249,0.326,0.477,0.802,132,8,5,0,3,2,3,0.265,87,122
13,14,Jose Altuve2021,Jose Altuve,1st Half,2021,1,AL,78,78,368,317,65,88,10,0,20,55,4,1,43,58,0.278,0.361,0.498,0.86,158,6,2,0,6,2,1,0.278,105,138
14,15,Yordan Alvarez2021,Yordan Alvarez,1st Half,2021,0,AL,75,73,315,282,53,83,16,1,16,56,1,0,24,83,0.294,0.362,0.528,0.89,149,9,7,0,2,2,1,0.362,104,146
15,16,Brian Anderson2021,Brian Anderson,1st Half,2021,0,NL,36,34,141,128,13,33,6,0,3,11,3,0,12,37,0.258,0.326,0.375,0.701,48,1,1,0,0,1,1,0.341,96,96
16,17,Tim Anderson2021,Tim Anderson,1st Half,2021,1,AL,74,74,330,311,55,96,18,0,6,32,14,7,17,78,0.309,0.346,0.424,0.77,132,3,1,0,1,1,5,0.395,93,114
17,18,Elvis Andrus2021,Elvis Andrus,1st Half,2021,0,AL,89,85,329,307,31,72,19,1,2,21,8,2,18,55,0.235,0.277,0.323,0.599,99,5,1,0,3,2,4,0.277,95,68
18,19,Miguel Andujar2021,Miguel Andujar,1st Half,2021,0,AL,45,42,162,154,19,39,2,0,6,12,0,1,7,28,0.253,0.284,0.383,0.667,59,8,0,0,1,0,1,0.273,100,85
19,20,Nolan Arenado2021,Nolan Arenado,1st Half,2021,1,NL,88,88,367,336,42,89,26,1,17,56,1,0,26,48,0.265,0.319,0.5,0.819,168,11,2,0,3,4,3,0.263,104,125
20,21,Randy Arozarena2021,Randy Arozarena,1st Half,2021,0,AL,82,79,357,315,52,79,15,1,10,41,11,6,34,96,0.251,0.333,0.4,0.733,126,8,6,0,2,2,4,0.327,81,105
21,22,Luis Arraez2021,Luis Arraez,1st Half,2021,0,AL,62,58,255,226,37,67,8,4,1,23,1,1,24,26,0.297,0.365,0.381,0.745,86,4,2,0,3,1,3,0.327,104,110
22,23,Christian Arroyo2021,Christian Arroyo,1st Half,2021,0,AL,47,39,163,148,20,39,11,0,5,22,1,0,7,40,0.264,0.323,0.439,0.762,65,1,6,1,0,0,2,0.33,98,111
23,24,Willians Astudillo2021,Willians Astudillo,1st Half,2021,0,AL,40,29,127,122,10,31,4,0,4,12,0,0,2,10,0.254,0.276,0.385,0.661,47,5,2,0,1,0,1,0.248,109,83
24,25,Alex Avila2021,Alex Avila,1st Half,2021,0,NL,24,23,85,66,4,11,6,1,0,6,0,0,17,30,0.167,0.345,0.288,0.633,19,2,1,1,0,1,0,0.306,83,81
25,26,Akil Baddoo2021,Akil Baddoo,1st Half,2021,0,AL,71,59,239,210,30,57,14,4,6,28,13,3,27,67,0.271,0.352,0.462,0.813,97,1,0,0,2,1,1,0.367,112,126
26,27,Harrison Bader2021,Harrison Bader,1st Half,2021,0,NL,31,31,120,107,12,25,4,0,6,16,5,2,11,19,0.234,0.308,0.439,0.748,47,2,1,0,1,5,0,0.229,91,106
27,28,Javier Baez2021,Javier Baez,1st Half,2021,0,SPL,80,75,316,291,43,70,7,2,21,57,10,2,14,115,0.241,0.289,0.495,0.784,144,5,7,0,3,1,5,0.31,91,114
28,29,Austin Barnes2021,Austin Barnes,1st Half,2021,0,NL,47,33,148,125,16,26,6,0,3,15,0,0,18,38,0.208,0.327,0.328,0.655,41,5,4,1,0,1,1,0.274,104,85
29,30,Tucker Barnhart2021,Tucker Barnhart,1st Half,2021,0,NL,67,57,228,202,30,55,17,0,4,28,0,0,21,67,0.272,0.351,0.416,0.767,84,4,4,0,1,0,1,0.386,124,114
30,31,Jake Bauers2021,Jake Bauers,1st Half,2021,0,SPL,69,53,215,196,17,42,5,0,3,13,1,1,18,52,0.214,0.28,0.286,0.566,56,0,0,0,0,1,2,0.277,100,60
31,32,Matt Beaty2021,Matt Beaty,1st Half,2021,0,NL,74,35,160,141,24,37,3,1,4,29,1,1,11,29,0.262,0.35,0.383,0.733,54,2,8,0,0,0,3,0.306,92,106
32,33,Josh Bell2021,Josh Bell,1st Half,2021,0,NL,73,63,274,249,41,61,14,0,12,42,0,0,23,61,0.245,0.31,0.446,0.756,111,8,1,0,1,1,3,0.277,83,109
33,34,Cody Bellinger2021,Cody Bellinger,1st Half,2021,0,NL,34,31,141,119,20,21,1,1,4,17,2,0,20,39,0.177,0.291,0.303,0.593,36,1,0,0,2,1,1,0.218,122,67
34,35,Brandon Belt2021,Brandon Belt,1st Half,2021,0,NL,55,47,201,170,30,43,7,2,11,28,3,1,28,65,0.253,0.363,0.512,0.875,87,4,2,0,1,0,1,0.337,82,142
35,36,Andrew Benintendi2021,Andrew Benintendi,1st Half,2021,0,AL,66,65,266,244,34,67,7,1,10,35,7,6,19,52,0.275,0.327,0.434,0.762,106,2,1,0,2,0,4,0.31,99,111
36,37,Jon Berti2021,Jon Berti,1st Half,2021,0,NL,78,57,249,215,33,47,9,1,4,18,8,4,30,54,0.219,0.315,0.326,0.64,70,7,1,1,2,0,2,0.27,105,81
37,38,Mookie Betts2021,Mookie Betts,1st Half,2021,1,NL,79,76,363,305,58,78,21,3,13,38,7,3,47,58,0.256,0.366,0.472,0.839,144,3,8,0,3,2,7,0.274,97,133
38,39,Bo Bichette2021,Bo Bichette,1st Half,2021,1,AL,87,87,386,358,71,105,18,1,16,57,12,0,24,82,0.293,0.342,0.483,0.825,173,7,3,0,1,0,3,0.341,100,128
39,40,Cavan Biggio2021,Cavan Biggio,1st Half,2021,0,AL,64,59,248,208,24,47,10,1,6,24,3,1,33,67,0.226,0.329,0.37,0.7,77,4,1,1,4,2,0,0.295,106,96
40,41,Charlie Blackmon2021,Charlie Blackmon,1st Half,2021,0,NL,84,78,327,283,35,74,13,2,4,41,0,0,36,44,0.262,0.358,0.364,0.722,103,4,7,0,1,1,1,0.297,91,104
41,42,Alex Blandino2021,Alex Blandino,1st Half,2021,0,NL,43,11,82,70,9,14,4,0,0,5,1,0,8,28,0.2,0.317,0.257,0.574,18,0,4,0,0,0,1,0.333,100,64
42,43,Xander Bogaerts2021,Xander Bogaerts,1st Half,2021,1,AL,85,85,361,321,57,103,27,0,15,51,5,1,33,66,0.321,0.385,0.545,0.93,175,5,3,0,4,1,6,0.361,115,157
43,44,Alec Bohm2021,Alec Bohm,1st Half,2021,0,NL,85,81,329,300,38,73,12,0,6,41,4,0,24,86,0.243,0.298,0.343,0.641,103,12,1,0,4,0,3,0.316,98,79
44,45,David Bote2021,David Bote,1st Half,2021,0,NL,49,39,162,144,16,29,5,0,5,23,0,1,13,36,0.201,0.28,0.34,0.62,49,5,3,1,1,0,2,0.231,105,73
45,46,Bobby Bradley2021,Bobby Bradley,1st Half,2021,0,AL,31,29,119,104,23,25,5,0,10,20,0,0,13,36,0.24,0.336,0.577,0.913,60,3,2,0,0,0,0,0.259,144,150
46,47,Jackie Bradley Jr.2021,Jackie Bradley,1st Half,2021,0,NL,82,72,298,264,25,44,8,2,6,24,5,1,23,90,0.167,0.252,0.28,0.532,74,5,8,0,3,0,3,0.222,114,49
47,48,Michael Brantley2021,Michael Brantley,1st Half,2021,1,AL,69,69,304,282,42,92,23,2,5,31,0,0,19,34,0.326,0.372,0.475,0.847,134,8,2,0,1,0,1,0.357,112,136
48,49,Alex Bregman2021,Alex Bregman,1st Half,2021,0,AL,59,59,262,229,37,63,14,0,7,34,1,0,29,42,0.275,0.359,0.428,0.787,98,11,2,0,2,4,2,0.308,103,120
49,50,Lewis Brinson2021,Lewis Brinson,1st Half,2021,0,NL,28,16,69,68,3,15,3,0,2,5,0,0,1,21,0.221,0.232,0.353,0.585,24,2,0,0,0,0,1,0.289,82,61
50,51,Mike Brosseau2021,Mike Brosseau,1st Half,2021,0,AL,55,38,162,143,20,26,8,0,4,17,2,0,15,53,0.182,0.265,0.322,0.587,46,1,2,0,2,0,4,0.25,92,64
51,52,Seth Brown2021,Seth Brown,1st Half,2021,0,AL,70,45,193,173,23,33,7,1,10,28,1,0,18,52,0.191,0.269,0.416,0.686,72,1,1,0,1,2,0,0.205,85,88
52,53,Kris Bryant2021,Kris Bryant,1st Half,2021,1,NL,81,79,329,291,50,79,17,1,16,46,4,2,33,78,0.272,0.353,0.502,0.854,146,6,4,0,1,1,2,0.318,104,136
53,54,Byron Buxton2021,Byron Buxton,1st Half,2021,0,AL,27,26,110,103,21,38,11,0,10,19,5,0,4,25,0.369,0.409,0.767,1.176,79,0,3,0,0,0,1,0.412,133,220
54,55,Asdrubal Cabrera2021,Asdrubal Cabrera,1st Half,2021,0,SPL,63,47,223,192,25,46,13,0,5,28,1,0,26,47,0.24,0.332,0.385,0.717,74,3,2,0,3,1,1,0.287,111,101
55,56,Miguel Cabrera2021,Miguel Cabrera,1st Half,2021,0,AL,68,67,277,253,28,61,6,0,7,32,0,0,19,74,0.241,0.3,0.348,0.647,88,8,3,0,2,0,1,0.31,85,81
56,57,Lorenzo Cain2021,Lorenzo Cain,1st Half,2021,0,NL,31,27,118,103,17,23,4,0,3,9,4,1,14,24,0.223,0.322,0.35,0.672,36,1,1,0,0,0,0,0.263,85,89
57,58,Kole Calhoun2021,Kole Calhoun,1st Half,2021,0,NL,15,12,55,52,6,14,3,0,2,5,1,0,3,14,0.269,0.309,0.442,0.751,23,1,0,0,0,0,1,0.333,123,108
58,59,Willie Calhoun2021,Willie Calhoun,1st Half,2021,0,AL,59,53,226,205,23,52,8,2,5,19,0,2,19,27,0.254,0.323,0.385,0.708,79,3,2,0,0,0,0,0.272,105,98
59,60,Daz Cameron2021,Daz Cameron,1st Half,2021,0,AL,18,15,63,58,10,12,2,0,3,9,4,0,5,19,0.207,0.27,0.397,0.666,23,2,0,0,0,0,0,0.25,108,84
60,61,Jeimer Candelario2021,Jeimer Candelario,1st Half,2021,0,AL,81,81,344,305,37,80,20,0,5,24,0,0,37,82,0.262,0.346,0.377,0.723,115,6,2,0,0,1,2,0.344,84,103
61,62,Mark Canha2021,Mark Canha,1st Half,2021,0,AL,74,72,325,271,55,69,12,4,11,33,7,1,40,68,0.255,0.375,0.45,0.826,122,6,13,0,1,0,5,0.301,121,130
62,63,Victor Caratini2021,Victor Caratini,1st Half,2021,0,NL,74,56,227,196,20,44,6,0,6,29,2,0,25,59,0.225,0.317,0.347,0.664,68,9,3,0,3,5,1,0.284,110,86
63,64,Dylan Carlson2021,Dylan Carlson,1st Half,2021,0,NL,88,86,370,322,45,83,16,3,7,31,0,0,38,90,0.258,0.343,0.391,0.735,126,3,6,0,4,1,3,0.332,90,106
64,65,Matt Carpenter2021,Matt Carpenter,1st Half,2021,0,NL,77,33,164,137,13,27,7,1,3,20,1,0,21,49,0.197,0.323,0.329,0.652,45,0,5,0,1,1,2,0.279,125,84
65,66,Curt Casali2021,Curt Casali,1st Half,2021,0,NL,42,30,128,109,13,24,6,1,4,18,0,0,17,36,0.22,0.336,0.404,0.74,44,1,2,0,0,3,2,0.29,123,107
66,67,Nick Castellanos2021,Nick Castellanos,1st Half,2021,1,NL,84,83,365,335,58,111,29,1,18,59,2,1,27,79,0.331,0.384,0.585,0.969,196,7,2,0,1,4,2,0.389,108,167
67,68,Harold Castro2021,Harold Castro,1st Half,2021,0,AL,51,41,174,160,16,45,3,0,1,19,0,1,12,40,0.281,0.331,0.319,0.65,51,3,0,2,0,0,0,0.37,96,84
68,69,Jason Castro2021,Jason Castro,1st Half,2021,0,AL,35,23,104,82,13,19,5,0,2,9,0,0,18,27,0.232,0.382,0.366,0.748,30,3,2,2,0,0,1,0.321,90,112
69,70,Starlin Castro2021,Starlin Castro,1st Half,2021,0,NL,87,85,346,315,25,89,20,0,3,38,0,1,26,62,0.283,0.333,0.375,0.708,118,6,0,0,4,1,4,0.339,100,98
70,71,Willi Castro2021,Willi Castro,1st Half,2021,0,AL,74,70,280,252,34,54,10,2,6,28,4,1,18,72,0.214,0.278,0.341,0.619,86,3,5,3,2,1,1,0.273,99,73
71,72,Jake Cave2021,Jake Cave,1st Half,2021,0,AL,31,21,93,84,8,14,5,0,1,2,1,0,6,35,0.167,0.239,0.262,0.501,22,0,2,1,0,0,1,0.271,85,41
72,73,Yu Chang2021,Yu Chang,1st Half,2021,0,AL,49,29,114,108,12,19,6,0,2,14,1,0,5,30,0.176,0.211,0.287,0.498,31,2,0,0,1,0,1,0.221,46,38
73,74,Matt Chapman2021,Matt Chapman,1st Half,2021,0,AL,89,88,367,313,41,71,11,3,11,42,1,0,44,111,0.227,0.319,0.387,0.705,121,5,2,0,8,0,0,0.302,98,97
74,75,Michael Chavis2021,Michael Chavis,1st Half,2021,0,SPL,21,14,62,59,11,12,4,0,1,4,1,1,1,23,0.203,0.226,0.322,0.548,19,2,1,0,1,0,0,0.306,69,51
75,76,Jazz Chisholm Jr.2021,Jazz Chisholm,1st Half,2021,0,NL,67,66,283,258,36,68,11,3,11,35,13,5,20,90,0.264,0.323,0.457,0.78,118,1,3,1,1,0,0,0.361,114,116
76,77,Ji Man Choi2021,Ji Man Choi,1st Half,2021,0,SPL,37,31,134,111,15,28,6,0,3,19,0,0,21,37,0.252,0.381,0.387,0.768,43,1,2,0,0,0,0,0.352,104,117
77,78,Zack Collins2021,Zack Collins,1st Half,2021,0,AL,47,36,146,126,17,29,10,0,3,21,1,1,18,47,0.23,0.331,0.381,0.712,48,1,1,1,0,0,0,0.342,113,99
78,79,Michael Conforto2021,Michael Conforto,1st Half,2021,0,NL,53,50,205,168,16,34,7,0,3,20,0,0,29,48,0.202,0.342,0.298,0.639,50,5,7,0,1,0,1,0.263,77,82
79,80,William Contreras2021,William Contreras,1st Half,2021,0,NL,44,41,158,142,16,29,3,1,7,21,0,0,13,50,0.204,0.279,0.387,0.666,55,2,2,0,1,1,0,0.256,89,84
80,81,Willson Contreras2021,Willson Contreras,1st Half,2021,0,NL,80,74,314,267,36,63,10,0,13,31,3,3,37,87,0.236,0.344,0.42,0.763,112,8,8,0,2,1,4,0.296,97,113
81,82,Garrett Cooper2021,Garrett Cooper,1st Half,2021,0,NL,67,52,238,206,29,60,10,1,9,32,1,1,29,64,0.291,0.387,0.481,0.867,99,5,3,0,0,0,2,0.384,105,142
82,83,Franchy Cordero2021,Franchy Cordero,1st Half,2021,0,AL,34,27,102,95,9,17,6,0,1,9,1,0,6,37,0.179,0.228,0.274,0.501,26,0,0,1,0,0,3,0.281,102,40
83,84,Carlos Correa2021,Carlos Correa,1st Half,2021,1,AL,82,81,358,306,61,88,20,0,16,52,0,0,47,63,0.288,0.386,0.51,0.895,156,10,3,0,2,2,3,0.314,110,148
84,85,Will Craig2021,Will Craig,1st Half,2021,0,NL,18,16,65,60,5,13,2,0,1,3,0,0,5,22,0.217,0.277,0.3,0.577,18,1,0,0,0,1,1,0.324,100,62
85,86,Brandon Crawford2021,Brandon Crawford,1st Half,2021,1,NL,79,72,302,266,49,77,15,1,18,58,7,0,31,64,0.29,0.364,0.556,0.921,148,5,2,0,3,3,4,0.316,104,153
86,87,J.P. Crawford2021,J.P. Crawford,1st Half,2021,0,AL,90,90,364,330,46,92,22,0,5,31,3,3,31,59,0.279,0.341,0.391,0.732,129,7,1,0,2,0,2,0.325,105,105
87,88,C.J. Cron2021,C.J. Cron,1st Half,2021,0,NL,74,68,275,232,35,59,12,1,12,35,0,0,32,61,0.254,0.364,0.47,0.833,109,4,9,0,2,0,3,0.292,86,132
88,89,Jake Cronenworth2021,Jake Cronenworth,1st Half,2021,1,NL,91,87,386,340,63,94,20,3,12,34,4,1,34,54,0.277,0.35,0.459,0.809,156,5,5,3,1,2,4,0.298,103,125
89,90,Nelson Cruz2021,Nelson Cruz,1st Half,2021,1,AL,78,73,318,273,41,83,11,1,18,46,2,0,33,57,0.304,0.381,0.55,0.931,150,9,4,0,5,6,1,0.32,125,157
90,91,Charlie Culberson2021,Charlie Culberson,1st Half,2021,0,AL,56,48,175,159,17,39,10,2,3,16,4,0,12,44,0.245,0.302,0.39,0.692,62,2,1,3,0,1,2,0.321,104,92
91,92,Travis d'Arnaud2021,Travis d'Arnaud,1st Half,2021,0,NL,23,21,87,82,5,18,4,0,2,11,0,0,4,20,0.22,0.253,0.342,0.594,28,4,0,0,1,0,0,0.262,77,65
92,93,David Dahl2021,David Dahl,1st Half,2021,0,AL,51,45,183,172,18,38,9,0,4,14,2,1,7,47,0.221,0.253,0.343,0.596,59,3,1,1,2,0,2,0.276,109,65
93,94,Bobby Dalbec2021,Bobby Dalbec,1st Half,2021,0,AL,72,67,258,242,25,53,10,3,10,36,1,0,12,95,0.219,0.264,0.409,0.673,99,2,3,0,1,0,0,0.312,71,85
94,95,Jonathan Davis2021,Jonathan Davis,1st Half,2021,0,SPL,48,20,85,70,16,10,1,0,1,4,4,1,11,21,0.143,0.282,0.2,0.482,14,1,3,0,1,0,1,0.184,128,39
95,96,Khris Davis2021,Khris Davis,1st Half,2021,0,SPL,22,13,61,51,8,8,1,1,2,5,0,0,8,16,0.157,0.262,0.333,0.596,17,2,0,0,2,0,0,0.171,88,66
96,97,Yonathan Daza2021,Yonathan Daza,1st Half,2021,0,NL,80,59,269,244,22,72,11,2,2,28,2,1,18,46,0.295,0.345,0.381,0.726,93,5,1,5,1,0,1,0.355,111,104
97,98,Paul DeJong2021,Paul DeJong,1st Half,2021,0,NL,62,59,234,205,26,38,5,0,12,28,3,0,24,58,0.185,0.286,0.385,0.672,79,2,5,0,0,0,1,0.193,99,86
98,99,Rafael Devers2021,Rafael Devers,1st Half,2021,1,AL,87,87,369,330,59,93,25,1,22,72,3,5,31,87,0.282,0.35,0.564,0.913,186,6,5,0,3,4,4,0.317,104,151
99,100,Aledmys Diaz2021,Aledmys Diaz,1st Half,2021,0,AL,34,29,126,115,14,32,9,0,3,18,0,1,5,19,0.278,0.341,0.435,0.776,50,3,6,0,0,2,1,0.312,115,116
100,101,Elias Diaz2021,Elias Diaz,1st Half,2021,0,NL,51,43,177,159,19,34,6,0,7,18,0,0,17,31,0.214,0.288,0.384,0.672,61,8,0,0,1,0,0,0.221,76,86
101,102,Isan Diaz2021,Isan Diaz,1st Half,2021,0,NL,37,31,128,104,6,15,2,0,2,10,0,0,20,37,0.144,0.284,0.221,0.505,23,1,1,0,2,3,0,0.194,75,44
102,103,Yandy Diaz2021,Yandy Diaz,1st Half,2021,0,AL,77,73,323,268,36,67,10,0,4,30,0,0,52,50,0.25,0.375,0.332,0.707,89,3,2,0,1,2,3,0.293,92,101
103,104,Alex Dickerson2021,Alex Dickerson,1st Half,2021,0,NL,65,46,189,172,21,39,5,1,8,24,1,0,13,45,0.227,0.296,0.407,0.703,70,4,4,0,0,0,1,0.261,94,95
104,105,Corey Dickerson2021,Corey Dickerson,1st Half,2021,0,SPL,63,52,225,205,27,54,12,3,2,14,2,4,16,45,0.263,0.324,0.381,0.705,78,5,3,0,1,0,0,0.327,93,97
105,106,Wilmer Difo2021,Wilmer Difo,1st Half,2021,0,NL,54,19,113,103,9,28,5,2,1,8,0,0,10,29,0.272,0.336,0.388,0.725,40,0,0,0,0,0,1,0.37,103,103
106,107,Josh Donaldson2021,Josh Donaldson,1st Half,2021,0,AL,69,64,274,229,39,57,14,0,13,35,0,0,38,53,0.249,0.35,0.48,0.831,110,10,1,0,6,1,2,0.26,101,130
107,108,Hunter Dozier2021,Hunter Dozier,1st Half,2021,0,AL,73,70,277,253,27,44,15,2,8,26,1,1,21,82,0.174,0.242,0.344,0.586,87,8,2,0,1,0,0,0.22,72,62
108,109,Mauricio Dubon2021,Mauricio Dubon,1st Half,2021,0,NL,66,36,169,158,18,37,7,0,5,20,2,1,8,38,0.234,0.272,0.373,0.646,59,4,1,0,2,2,2,0.274,97,79
109,110,Matt Duffy2021,Matt Duffy,1st Half,2021,0,NL,38,21,106,90,16,25,4,0,1,12,3,0,11,18,0.278,0.377,0.356,0.733,32,7,4,0,1,0,0,0.333,99,108
110,111,Steven Duggar2021,Steven Duggar,1st Half,2021,0,NL,63,44,186,167,31,48,11,2,6,26,6,0,19,61,0.287,0.36,0.485,0.845,81,3,0,0,0,2,2,0.42,120,134
111,112,Adam Duvall2021,Adam Duvall,1st Half,2021,0,SPL,79,69,290,269,37,63,9,1,19,62,5,0,17,89,0.234,0.279,0.487,0.766,131,4,1,0,3,0,1,0.268,99,109
112,113,Jarrod Dyson2021,Jarrod Dyson,1st Half,2021,0,SPL,52,20,89,82,9,20,5,2,0,7,6,1,5,20,0.244,0.287,0.354,0.641,29,0,0,2,0,0,0,0.323,133,79
113,114,Adam Eaton2021,Adam Eaton,1st Half,2021,0,SPL,58,49,219,189,33,38,8,2,5,28,2,0,20,55,0.201,0.298,0.344,0.642,65,5,6,4,0,0,0,0.256,111,80
114,115,Tommy Edman2021,Tommy Edman,1st Half,2021,0,NL,88,85,385,361,47,93,20,3,5,25,16,3,19,49,0.258,0.3,0.371,0.671,134,2,3,1,1,0,6,0.286,93,87
115,116,Eduardo Escobar2021,Eduardo Escobar,1st Half,2021,1,NL,88,82,355,331,45,84,12,2,20,60,1,0,23,75,0.254,0.301,0.483,0.785,160,1,0,0,1,1,3,0.27,98,115
116,117,Santiago Espinal2021,Santiago Espinal,1st Half,2021,0,AL,50,28,120,112,16,36,6,1,1,10,2,1,8,19,0.321,0.367,0.42,0.786,47,1,0,0,0,0,0,0.38,101,120
117,118,Phillip Evans2021,Phillip Evans,1st Half,2021,0,NL,57,47,210,183,20,38,4,0,5,15,1,0,23,48,0.208,0.31,0.312,0.621,57,3,4,0,0,0,3,0.254,103,75
118,119,Kyle Farmer2021,Kyle Farmer,1st Half,2021,0,NL,85,66,270,241,28,53,7,0,7,28,2,2,12,48,0.22,0.29,0.336,0.626,81,7,13,1,3,0,1,0.243,73,75
119,120,David Fletcher2021,David Fletcher,1st Half,2021,0,AL,84,84,354,333,52,103,16,1,2,32,4,1,14,37,0.309,0.336,0.381,0.718,127,3,0,6,1,1,0,0.342,131,101
120,121,Wilmer Flores2021,Wilmer Flores,1st Half,2021,0,NL,78,58,249,220,34,56,9,1,9,30,1,0,26,31,0.255,0.333,0.427,0.761,94,8,1,0,2,0,3,0.258,95,111
121,122,Mike Ford2021,Mike Ford,1st Half,2021,0,AL,22,18,72,60,6,8,0,0,3,5,0,0,11,23,0.133,0.278,0.283,0.561,17,1,1,0,0,1,1,0.147,100,58
122,123,Jake Fraley2021,Jake Fraley,1st Half,2021,0,AL,40,35,149,114,18,27,2,0,7,23,7,1,33,38,0.237,0.409,0.439,0.848,50,2,1,0,1,1,1,0.286,135,138
123,124,Ty France2021,Ty France,1st Half,2021,0,AL,81,80,337,294,39,77,20,0,8,37,0,0,26,60,0.262,0.344,0.412,0.756,121,5,13,0,4,1,3,0.3,86,111
124,125,Maikel Franco2021,Maikel Franco,1st Half,2021,0,AL,77,76,309,290,27,64,18,0,9,42,0,0,17,50,0.221,0.265,0.376,0.641,109,8,1,0,1,0,2,0.237,111,77
125,126,Wander Franco2021,Wander Franco,1st Half,2021,0,AL,15,15,66,61,8,12,2,0,2,7,2,0,5,15,0.197,0.258,0.328,0.586,20,0,0,0,0,0,2,0.227,45,63
126,127,Adam Frazier2021,Adam Frazier,1st Half,2021,1,NL,89,85,388,348,53,115,26,4,4,29,5,4,33,42,0.331,0.397,0.463,0.86,161,5,6,0,1,1,1,0.366,121,141
127,128,Clint Frazier2021,Clint Frazier,1st Half,2021,0,SPL,66,56,218,183,20,34,9,0,5,15,2,0,32,65,0.186,0.317,0.317,0.633,58,8,3,0,0,0,0,0.257,100,79
128,129,Freddie Freeman2021,Freddie Freeman,1st Half,2021,1,NL,88,88,388,329,58,90,14,0,19,50,4,2,55,72,0.274,0.381,0.489,0.871,161,7,3,0,1,9,3,0.297,94,142
129,130,Joshua Fuentes2021,Joshua Fuentes,1st Half,2021,0,NL,82,59,253,241,27,58,11,1,7,32,0,0,11,61,0.241,0.273,0.382,0.654,92,5,0,0,1,1,3,0.293,115,81
130,131,Cam Gallagher2021,Cam Gallagher,1st Half,2021,0,AL,22,15,57,51,3,10,2,0,0,1,0,0,3,11,0.196,0.236,0.235,0.472,12,1,0,1,1,0,1,0.244,50,33
131,132,Joey Gallo2021,Joey Gallo,1st Half,2021,1,AL,84,84,351,276,53,66,6,0,24,52,6,0,72,108,0.239,0.402,0.522,0.923,144,3,3,0,0,4,0,0.292,129,157
132,133,Freddy Galvis2021,Freddy Galvis,1st Half,2021,0,SPL,72,71,274,249,36,62,12,1,9,26,1,0,18,58,0.249,0.306,0.414,0.72,103,5,3,2,1,1,0,0.29,103,100
133,134,Ben Gamel2021,Ben Gamel,1st Half,2021,0,SPL,63,40,183,160,20,38,10,1,6,14,0,2,20,46,0.238,0.319,0.425,0.744,68,2,0,1,2,0,0,0.291,102,106
134,135,Adolis Garcia2021,Adolis Garcia,1st Half,2021,1,AL,80,78,333,311,43,84,10,2,22,62,8,4,16,102,0.27,0.312,0.527,0.84,164,6,4,0,2,0,5,0.328,125,130
135,136,Aramis Garcia2021,Aramis Garcia,1st Half,2021,0,AL,30,25,88,83,7,17,1,0,2,6,0,0,1,27,0.205,0.233,0.289,0.522,24,3,2,2,0,0,1,0.278,88,45
136,137,Avisail Garcia2021,Avisail Garcia,1st Half,2021,0,NL,81,73,314,285,37,73,11,0,16,55,4,3,21,80,0.256,0.319,0.463,0.782,132,8,6,0,2,3,5,0.298,91,116
137,138,Leury Garcia2021,Leury Garcia,1st Half,2021,0,AL,73,66,270,236,36,62,10,3,3,39,2,1,25,63,0.263,0.33,0.369,0.698,87,5,0,6,3,0,3,0.341,97,96
138,139,Robel Garcia2021,Robel Garcia,1st Half,2021,0,AL,35,19,92,83,6,13,3,0,1,8,0,0,6,35,0.157,0.22,0.229,0.449,19,2,1,1,1,0,1,0.25,112,26
139,140,Brett Gardner2021,Brett Gardner,1st Half,2021,0,AL,75,60,233,191,22,37,8,2,3,13,1,0,32,55,0.194,0.31,0.304,0.614,58,0,2,4,4,0,1,0.248,79,74
140,141,Kyle Garlick2021,Kyle Garlick,1st Half,2021,0,AL,36,24,107,99,17,23,8,0,5,10,1,0,6,32,0.232,0.28,0.465,0.745,46,2,1,0,1,0,0,0.286,100,104
141,142,Mitch Garver2021,Mitch Garver,1st Half,2021,0,AL,41,32,135,116,17,26,8,0,8,17,0,0,19,45,0.224,0.333,0.5,0.833,58,3,0,0,0,0,0,0.286,90,129
142,143,Andres Gimenez2021,Andres Gimenez,1st Half,2021,0,AL,29,24,85,78,10,14,4,0,2,5,4,0,3,25,0.18,0.226,0.308,0.534,24,1,2,1,1,0,0,0.231,68,48
143,144,Paul Goldschmidt2021,Paul Goldschmidt,1st Half,2021,0,NL,88,87,373,336,48,89,15,1,13,49,5,0,34,76,0.265,0.335,0.432,0.767,145,8,2,0,1,0,6,0.307,76,113
144,145,Yan Gomes2021,Yan Gomes,1st Half,2021,0,SPL,61,59,231,214,29,57,11,1,8,33,0,0,13,46,0.266,0.32,0.439,0.76,94,12,4,0,0,3,1,0.306,111,110
145,146,Erik Gonzalez2021,Erik Gonzalez,1st Half,2021,0,NL,71,53,229,220,17,51,7,1,2,21,2,2,8,40,0.232,0.258,0.3,0.558,66,4,0,0,1,0,1,0.274,100,56
146,147,Marwin Gonzalez2021,Marwin Gonzalez,1st Half,2021,0,SPL,70,61,246,219,23,45,14,0,2,18,3,1,17,61,0.206,0.286,0.297,0.583,65,5,8,1,1,0,1,0.274,102,64
147,148,Niko Goodrum2021,Niko Goodrum,1st Half,2021,0,AL,63,56,230,205,28,45,5,1,6,18,12,4,20,83,0.22,0.296,0.342,0.637,70,3,3,0,2,0,0,0.331,96,78
148,149,Brian Goodwin2021,Brian Goodwin,1st Half,2021,0,AL,25,24,103,90,17,24,8,1,4,15,0,0,12,22,0.267,0.353,0.511,0.864,46,0,0,1,0,0,0,0.313,147,139
149,150,Nick Gordon2021,Nick Gordon,1st Half,2021,0,AL,24,16,69,65,6,17,2,1,1,4,5,0,3,19,0.262,0.304,0.369,0.674,24,2,1,0,0,0,0,0.356,108,88
150,151,Phil Gosselin2021,Phil Gosselin,1st Half,2021,0,AL,44,31,131,120,10,37,6,0,3,19,0,1,9,35,0.308,0.359,0.433,0.792,52,1,1,0,1,0,0,0.41,134,121
151,152,Yasmani Grandal2021,Yasmani Grandal,1st Half,2021,0,AL,63,60,246,181,42,34,3,0,14,38,0,0,60,64,0.188,0.388,0.437,0.824,79,10,1,1,3,0,2,0.189,76,131
152,153,Didi Gregorius2021,Didi Gregorius,1st Half,2021,0,NL,41,39,165,151,16,34,6,0,7,26,3,0,8,33,0.225,0.273,0.404,0.677,61,3,3,0,3,1,1,0.237,110,87
153,154,Randal Grichuk2021,Randal Grichuk,1st Half,2021,0,AL,85,82,343,328,38,85,16,1,16,57,0,3,12,77,0.259,0.289,0.46,0.749,151,13,2,0,1,0,2,0.292,112,106
154,155,Trent Grisham2021,Trent Grisham,1st Half,2021,0,NL,64,60,266,234,35,64,14,2,11,36,8,2,29,61,0.274,0.357,0.492,0.849,115,5,2,0,1,0,0,0.325,128,135
155,156,Robbie Grossman2021,Robbie Grossman,1st Half,2021,0,AL,86,86,381,310,44,70,12,2,12,42,11,4,60,89,0.226,0.354,0.394,0.747,122,2,4,2,5,1,2,0.271,94,110
156,157,Vladimir Guerrero Jr.2021,Vladimir Guerrero,1st Half,2021,1,AL,87,87,374,316,68,105,17,1,28,73,2,1,52,66,0.332,0.431,0.658,1.089,208,11,4,0,2,5,2,0.344,117,199
157,158,Luis Guillorme2021,Luis Guillorme,1st Half,2021,0,NL,42,25,101,82,7,23,1,0,0,1,0,2,18,15,0.281,0.41,0.293,0.703,24,0,0,1,0,2,2,0.343,104,103
158,159,Lourdes Gurriel Jr.2021,Lourdes Gurriel,1st Half,2021,0,AL,79,78,313,294,33,77,17,0,10,36,1,2,12,63,0.262,0.289,0.422,0.71,124,7,1,1,5,0,3,0.297,81,96
159,160,Yuli Gurriel2021,Yuli Gurriel,1st Half,2021,0,AL,84,84,355,307,44,96,19,0,10,54,1,1,36,34,0.313,0.378,0.472,0.85,145,9,2,0,10,1,0,0.315,101,136
160,161,Kelvin Gutierrez2021,Kelvin Gutierrez,1st Half,2021,0,SPL,42,37,153,145,9,32,4,2,1,8,0,1,7,34,0.221,0.261,0.297,0.558,43,3,1,0,0,0,1,0.282,83,56
161,162,Eric Haase2021,Eric Haase,1st Half,2021,0,AL,44,40,171,160,26,39,6,1,13,27,1,0,10,57,0.244,0.292,0.538,0.83,86,5,1,0,0,0,3,0.289,119,126
162,163,Sam Haggerty2021,Sam Haggerty,1st Half,2021,0,AL,35,23,94,86,15,16,3,0,2,5,5,1,6,28,0.186,0.247,0.291,0.538,25,1,1,1,0,0,1,0.25,100,50
163,164,Billy Hamilton2021,Billy Hamilton,1st Half,2021,0,AL,47,20,93,87,16,20,6,2,2,10,6,0,3,30,0.23,0.253,0.414,0.667,36,1,0,2,1,0,0,0.321,114,83
164,165,Garrett Hampson2021,Garrett Hampson,1st Half,2021,0,NL,84,66,301,277,39,70,17,5,6,21,13,3,18,72,0.253,0.301,0.415,0.716,115,4,2,2,2,1,1,0.318,113,98
165,166,Mitch Haniger2021,Mitch Haniger,1st Half,2021,0,AL,86,86,370,339,58,88,16,1,20,52,0,0,24,88,0.26,0.314,0.49,0.803,166,7,4,0,3,0,5,0.291,100,121
166,167,Ian Happ2021,Ian Happ,1st Half,2021,0,NL,77,61,269,230,26,42,7,0,9,23,1,1,34,78,0.183,0.296,0.33,0.626,76,7,3,2,0,0,4,0.231,68,76
167,168,Bryce Harper2021,Bryce Harper,1st Half,2021,0,NL,68,67,288,248,47,70,14,0,15,34,7,0,35,70,0.282,0.379,0.52,0.899,129,7,4,0,1,4,1,0.335,73,149
168,169,Josh Harrison2021,Josh Harrison,1st Half,2021,0,SPL,77,71,303,269,29,73,13,0,5,32,5,2,21,48,0.271,0.348,0.376,0.723,101,4,11,0,1,0,3,0.313,96,103
169,170,Ke'Bryan Hayes2021,Ke'Bryan Hayes,1st Half,2021,0,NL,37,34,149,130,19,34,9,1,4,18,2,1,18,29,0.262,0.349,0.439,0.788,57,5,0,0,1,0,1,0.306,128,119
170,171,Austin Hays2021,Austin Hays,1st Half,2021,0,AL,59,54,240,219,36,54,10,2,9,31,1,0,15,48,0.247,0.303,0.434,0.736,95,4,3,2,1,0,1,0.276,93,104
171,172,Austin Hedges2021,Austin Hedges,1st Half,2021,0,AL,44,43,147,134,11,20,1,0,4,13,0,0,8,50,0.149,0.201,0.246,0.448,33,2,1,3,1,1,1,0.198,71,25
172,173,Jonah Heim2021,Jonah Heim,1st Half,2021,0,AL,45,39,142,131,13,30,9,0,4,15,2,1,9,25,0.229,0.277,0.389,0.666,51,7,0,1,1,0,1,0.252,125,84
173,174,Guillermo Heredia2021,Guillermo Heredia,1st Half,2021,0,NL,59,53,213,186,30,47,18,0,4,19,0,0,20,53,0.253,0.343,0.414,0.757,77,5,6,0,1,2,1,0.331,127,111
174,175,Cesar Hernandez2021,Cesar Hernandez,1st Half,2021,0,SPL,85,85,371,332,53,75,13,2,15,38,0,0,35,82,0.226,0.305,0.413,0.717,137,6,3,0,1,0,2,0.254,106,99
175,176,Enrique Hernandez2021,Enrique Hernandez,1st Half,2021,0,AL,75,71,316,279,43,66,19,1,11,30,1,0,27,68,0.237,0.317,0.43,0.747,120,3,7,0,3,0,4,0.271,90,107
176,177,Teoscar Hernandez2021,Teoscar Hernandez,1st Half,2021,1,AL,68,68,293,273,35,81,15,0,11,48,6,3,19,72,0.297,0.341,0.473,0.814,129,3,0,0,1,1,6,0.367,89,125
177,178,Yadiel Hernandez2021,Yadiel Hernandez,1st Half,2021,0,NL,50,12,87,79,9,19,1,0,2,4,2,0,6,24,0.241,0.299,0.329,0.628,26,3,1,0,1,0,2,0.315,71,76
178,179,Odubel Herrera2021,Odubel Herrera,1st Half,2021,0,NL,62,56,251,228,33,55,14,1,6,25,4,0,14,45,0.241,0.292,0.39,0.682,89,2,4,0,4,0,3,0.271,88,89
179,180,Jason Heyward2021,Jason Heyward,1st Half,2021,0,NL,66,59,229,204,26,43,9,1,5,17,4,0,23,49,0.211,0.297,0.338,0.635,69,1,2,0,0,0,4,0.253,104,78
180,181,Aaron Hicks2021,Aaron Hicks,1st Half,2021,0,AL,32,30,126,108,13,21,3,0,4,14,0,0,14,30,0.194,0.294,0.333,0.627,36,3,2,0,2,0,0,0.224,100,76
181,182,Kyle Higashioka2021,Kyle Higashioka,1st Half,2021,0,AL,37,30,108,97,12,19,5,0,6,12,0,0,11,31,0.196,0.278,0.433,0.711,42,2,0,0,0,0,0,0.217,124,95
182,183,Keston Hiura2021,Keston Hiura,1st Half,2021,0,NL,54,44,185,161,16,27,9,1,4,18,2,0,14,71,0.168,0.262,0.311,0.573,50,6,7,2,1,0,0,0.264,106,60
183,184,Nico Hoerner2021,Nico Hoerner,1st Half,2021,0,NL,27,26,108,97,10,32,8,0,0,10,3,1,10,14,0.33,0.389,0.412,0.801,40,2,0,0,1,2,2,0.381,114,125
184,185,Brock Holt2021,Brock Holt,1st Half,2021,0,AL,49,40,173,155,15,33,9,0,2,15,2,1,17,28,0.213,0.295,0.31,0.605,48,2,1,0,0,0,0,0.248,109,70
185,186,Rhys Hoskins2021,Rhys Hoskins,1st Half,2021,0,NL,87,82,368,328,49,77,22,0,20,55,2,0,34,93,0.235,0.313,0.485,0.797,159,7,4,0,2,0,4,0.263,85,119
186,187,Eric Hosmer2021,Eric Hosmer,1st Half,2021,0,NL,84,77,329,301,29,80,12,0,7,41,4,2,22,51,0.266,0.323,0.375,0.699,113,9,4,1,1,1,3,0.299,91,95
187,188,Andy Ibanez2021,Andy Ibanez,1st Half,2021,0,AL,24,17,78,74,4,14,3,0,1,6,0,0,3,11,0.189,0.218,0.27,0.488,20,3,0,0,1,0,0,0.206,30,36
188,189,Jose Iglesias2021,Jose Iglesias,1st Half,2021,0,SPL,75,73,297,284,35,79,11,1,7,27,3,1,10,45,0.278,0.31,0.398,0.708,113,7,3,0,0,0,1,0.31,102,97
189,190,Ender Inciarte2021,Ender Inciarte,1st Half,2021,0,NL,52,17,89,79,11,17,2,0,2,10,1,0,7,22,0.215,0.276,0.317,0.592,25,1,0,2,1,0,0,0.268,100,66
190,191,Jonathan India2021,Jonathan India,1st Half,2021,0,NL,79,75,316,258,42,71,12,2,6,35,7,3,41,70,0.275,0.397,0.407,0.804,105,9,13,1,3,1,3,0.351,94,127
191,192,Danny Jansen2021,Danny Jansen,1st Half,2021,0,AL,47,37,134,119,15,20,4,0,4,9,0,0,12,35,0.168,0.256,0.303,0.558,36,3,2,1,0,0,0,0.2,50,56
192,193,Ryan Jeffers2021,Ryan Jeffers,1st Half,2021,0,AL,36,34,132,116,12,22,3,1,6,16,0,0,16,45,0.19,0.288,0.388,0.676,45,4,0,0,0,0,2,0.246,103,87
193,194,Connor Joe2021,Connor Joe,1st Half,2021,0,NL,26,11,63,54,4,13,2,0,0,6,0,0,9,13,0.241,0.349,0.278,0.627,15,1,0,0,0,0,2,0.317,51,79
194,195,JaCoby Jones2021,JaCoby Jones,1st Half,2021,0,AL,36,27,105,100,9,17,2,0,2,9,2,2,5,42,0.17,0.21,0.25,0.46,25,2,0,0,0,0,2,0.268,100,29
195,196,Taylor Jones2021,Taylor Jones,1st Half,2021,0,AL,21,14,62,57,4,10,3,0,0,5,0,0,4,17,0.175,0.226,0.228,0.454,13,4,0,0,1,0,0,0.244,41,28
196,197,Matt Joyce2021,Matt Joyce,1st Half,2021,0,NL,36,9,62,50,5,5,1,0,2,6,0,0,10,14,0.1,0.258,0.24,0.498,12,2,1,0,1,2,0,0.086,109,41
197,198,Aaron Judge2021,Aaron Judge,1st Half,2021,1,AL,84,81,360,312,51,88,13,0,21,47,1,0,46,90,0.282,0.375,0.526,0.901,164,9,1,0,1,1,1,0.332,97,149
198,199,Jarred Kelenic2021,Jarred Kelenic,1st Half,2021,0,AL,23,21,92,83,7,8,2,0,2,6,3,0,8,26,0.096,0.185,0.193,0.378,16,0,1,0,0,0,0,0.109,25,6
199,200,Carson Kelly2021,Carson Kelly,1st Half,2021,0,NL,50,42,187,150,22,39,6,0,8,26,0,0,28,38,0.26,0.385,0.46,0.845,69,5,5,0,4,1,3,0.287,124,136
200,201,Tony Kemp2021,Tony Kemp,1st Half,2021,0,AL,71,52,226,179,28,43,10,2,4,18,4,1,35,37,0.24,0.369,0.386,0.755,69,1,4,4,4,0,3,0.275,89,112
201,202,Max Kepler2021,Max Kepler,1st Half,2021,0,AL,55,53,227,198,31,44,11,3,10,35,7,0,25,50,0.222,0.313,0.46,0.772,91,1,2,0,2,1,1,0.243,114,113
202,203,Kevin Kiermaier2021,Kevin Kiermaier,1st Half,2021,0,AL,64,54,209,194,25,46,11,1,2,18,5,1,13,62,0.237,0.292,0.335,0.627,65,2,2,0,0,1,1,0.339,75,76
203,204,Ha-Seong Kim2021,Ha-Seong Kim,1st Half,2021,0,NL,72,44,201,183,17,38,7,2,5,23,5,1,12,47,0.208,0.269,0.35,0.618,64,4,4,0,2,0,2,0.248,99,72
204,205,Isiah Kiner-Falefa2021,Isiah Kiner-Falefa,1st Half,2021,0,AL,90,88,384,361,45,93,16,2,6,30,15,2,13,61,0.258,0.295,0.363,0.658,131,6,7,1,2,1,8,0.294,96,83
205,206,Alex Kirilloff2021,Alex Kirilloff,1st Half,2021,0,AL,54,51,216,200,23,53,11,1,8,34,1,1,14,48,0.265,0.315,0.45,0.765,90,3,1,0,1,2,1,0.31,112,111
206,207,Andrew Knapp2021,Andrew Knapp,1st Half,2021,0,NL,43,25,109,98,9,17,2,0,2,11,0,0,9,37,0.174,0.241,0.255,0.496,25,1,0,1,1,0,0,0.25,131,40
207,208,Andrew Knizner2021,Andrew Knizner,1st Half,2021,0,NL,36,23,101,90,11,16,4,0,0,2,0,0,9,21,0.178,0.267,0.222,0.49,20,3,2,0,0,1,0,0.232,89,40
208,209,Tommy La Stella2021,Tommy La Stella,1st Half,2021,0,NL,25,18,75,68,8,16,3,1,1,5,0,0,6,10,0.235,0.297,0.353,0.65,24,0,0,0,0,0,1,0.263,84,82
209,210,Juan Lagares2021,Juan Lagares,1st Half,2021,0,AL,58,47,192,183,24,40,16,1,2,24,0,0,6,39,0.219,0.246,0.35,0.596,64,5,1,1,1,0,0,0.266,87,65
210,211,Jake Lamb2021,Jake Lamb,1st Half,2021,0,SPL,31,26,99,85,16,19,2,0,5,10,0,0,13,28,0.224,0.333,0.424,0.757,36,2,1,0,0,0,2,0.269,124,111
211,212,Trevor Larnach2021,Trevor Larnach,1st Half,2021,0,AL,54,47,210,182,25,45,9,0,7,21,1,0,21,69,0.247,0.343,0.412,0.755,75,2,6,0,1,0,1,0.355,124,111
212,213,Ramon Laureano2021,Ramon Laureano,1st Half,2021,0,AL,71,70,307,273,39,66,13,2,13,31,11,4,25,76,0.242,0.323,0.447,0.769,122,4,8,0,1,0,2,0.287,103,113
213,214,DJ LeMahieu2021,DJ LeMahieu,1st Half,2021,0,AL,85,85,387,341,47,92,12,0,7,36,3,0,42,58,0.27,0.351,0.367,0.718,125,7,2,0,2,1,2,0.306,102,102
214,215,Sandy Leon2021,Sandy Leon,1st Half,2021,0,NL,47,33,141,131,8,23,3,0,2,8,0,0,6,38,0.176,0.22,0.244,0.464,32,1,2,0,2,0,0,0.226,84,30
215,216,Kyle Lewis2021,Kyle Lewis,1st Half,2021,0,AL,36,36,147,130,15,32,4,0,5,11,2,0,16,37,0.246,0.333,0.392,0.726,51,1,1,0,0,0,1,0.307,100,103
216,217,Domingo Leyba2021,Domingo Leyba,1st Half,2021,0,SPL,25,16,68,61,5,9,0,0,1,3,0,0,7,18,0.148,0.235,0.197,0.432,12,2,0,0,0,0,1,0.191,141,23
217,218,Francisco Lindor2021,Francisco Lindor,1st Half,2021,0,NL,87,87,366,311,49,70,11,1,11,36,8,2,42,61,0.225,0.325,0.373,0.698,116,4,5,6,2,2,2,0.245,92,95
218,219,Tim Locastro2021,Tim Locastro,1st Half,2021,0,SPL,62,32,154,137,15,25,4,0,2,7,5,3,7,32,0.183,0.266,0.256,0.522,35,2,9,0,1,0,1,0.221,102,48
219,220,Shed Long Jr.2021,Shed Long,1st Half,2021,0,AL,25,23,91,85,12,16,4,1,4,16,0,0,5,25,0.188,0.233,0.4,0.633,34,3,0,1,0,0,1,0.214,101,73
220,221,Evan Longoria2021,Evan Longoria,1st Half,2021,0,NL,50,43,186,161,28,45,11,0,9,30,1,1,25,42,0.28,0.376,0.516,0.892,83,5,0,0,0,2,3,0.327,114,147
221,222,Nicky Lopez2021,Nicky Lopez,1st Half,2021,0,AL,81,74,268,230,35,61,8,3,0,15,8,0,30,35,0.265,0.35,0.326,0.676,75,4,1,5,2,0,1,0.31,82,92
222,223,Brandon Lowe2021,Brandon Lowe,1st Half,2021,0,AL,82,73,335,288,47,60,11,0,21,48,4,1,39,108,0.208,0.316,0.465,0.782,134,0,7,0,1,3,2,0.244,82,115
223,224,Nathaniel Lowe2021,Nathaniel Lowe,1st Half,2021,0,AL,89,86,372,319,39,82,9,1,12,43,4,0,49,98,0.257,0.358,0.404,0.762,129,10,2,0,2,0,2,0.332,98,114
224,225,Jed Lowrie2021,Jed Lowrie,1st Half,2021,0,AL,86,76,333,300,40,79,18,0,10,42,0,0,33,67,0.263,0.336,0.423,0.76,127,6,0,0,0,1,3,0.309,112,111
225,226,Jordan Luplow2021,Jordan Luplow,1st Half,2021,0,SPL,36,27,121,98,12,17,5,0,7,20,0,2,21,31,0.174,0.331,0.439,0.769,43,1,2,0,0,0,1,0.167,98,114
226,227,Gavin Lux2021,Gavin Lux,1st Half,2021,0,NL,79,73,303,268,38,62,10,3,6,37,3,1,31,71,0.231,0.314,0.358,0.672,96,2,2,0,2,1,5,0.29,94,88
227,228,Manny Machado2021,Manny Machado,1st Half,2021,1,NL,85,81,353,303,53,81,15,2,15,60,9,2,43,59,0.267,0.354,0.479,0.833,145,6,1,0,6,5,3,0.281,100,131
228,229,Nick Madrigal2021,Nick Madrigal,1st Half,2021,0,AL,54,53,215,200,30,61,10,4,2,21,1,2,11,17,0.305,0.349,0.425,0.774,85,3,3,0,1,0,6,0.324,100,116
229,230,Martin Maldonado2021,Martin Maldonado,1st Half,2021,0,AL,65,64,239,215,22,37,6,1,6,22,0,0,20,75,0.172,0.255,0.293,0.548,63,6,4,0,0,0,3,0.231,91,53
230,231,Trey Mancini2021,Trey Mancini,1st Half,2021,0,AL,86,83,362,324,48,83,18,0,16,55,0,0,32,84,0.256,0.332,0.46,0.791,149,12,5,0,1,1,0,0.298,108,119
231,232,Manuel Margot2021,Manuel Margot,1st Half,2021,0,AL,76,64,290,270,32,68,10,2,9,44,9,4,18,44,0.252,0.297,0.404,0.7,109,1,0,0,2,1,4,0.269,101,94
232,233,Jake Marisnick2021,Jake Marisnick,1st Half,2021,0,SPL,54,23,116,105,16,25,4,3,5,19,3,1,8,37,0.238,0.302,0.476,0.778,50,1,2,0,1,0,0,0.313,133,114
233,234,Jose Marmolejos2021,Jose Marmolejos,1st Half,2021,0,AL,31,24,94,79,8,11,2,0,3,9,0,0,14,32,0.139,0.266,0.279,0.545,22,0,0,0,1,0,0,0.178,91,53
234,235,Ketel Marte2021,Ketel Marte,1st Half,2021,0,NL,37,33,148,135,24,50,13,0,4,21,1,0,12,21,0.37,0.419,0.556,0.975,75,3,0,0,1,1,1,0.414,116,171
235,236,Starling Marte2021,Starling Marte,1st Half,2021,0,SPL,53,52,229,192,44,52,7,1,6,18,17,2,29,50,0.271,0.382,0.412,0.793,79,2,6,1,1,2,1,0.336,90,123
236,237,J.D. Martinez2021,J.D. Martinez,1st Half,2021,1,AL,84,84,367,324,60,97,23,3,18,62,0,0,38,83,0.299,0.371,0.556,0.926,180,12,1,0,4,2,4,0.348,114,155
237,238,Jorge Mateo2021,Jorge Mateo,1st Half,2021,0,SPL,52,9,88,82,8,16,4,0,1,5,3,0,2,26,0.195,0.241,0.281,0.522,23,1,3,1,0,0,1,0.273,57,46
238,239,Nick Maton2021,Nick Maton,1st Half,2021,0,NL,45,31,125,113,15,30,7,1,2,13,2,0,9,38,0.266,0.328,0.398,0.726,45,0,2,0,1,0,1,0.378,105,103
239,240,Nomar Mazara2021,Nomar Mazara,1st Half,2021,0,AL,50,46,181,165,12,35,5,2,3,19,0,0,15,45,0.212,0.276,0.321,0.597,53,4,0,0,1,0,1,0.271,100,67
240,241,James McCann2021,James McCann,1st Half,2021,0,NL,75,65,258,233,19,58,8,0,7,29,0,0,22,79,0.249,0.318,0.373,0.691,87,8,2,0,1,0,1,0.345,115,93
241,242,Chas McCormick2021,Chas McCormick,1st Half,2021,0,AL,56,35,162,140,29,35,7,0,10,35,2,1,13,49,0.25,0.315,0.514,0.829,72,3,3,0,6,0,1,0.287,114,127
242,243,Andrew McCutchen2021,Andrew McCutchen,1st Half,2021,0,NL,82,77,341,281,47,64,11,1,15,48,6,1,51,77,0.228,0.346,0.434,0.78,122,7,3,0,6,1,2,0.251,101,117
243,244,Reese McGuire2021,Reese McGuire,1st Half,2021,0,AL,41,32,116,108,14,30,8,0,1,6,0,0,6,24,0.278,0.322,0.38,0.701,41,2,1,1,0,0,0,0.349,115,96
244,245,Ryan McKenna2021,Ryan McKenna,1st Half,2021,0,AL,43,18,76,65,11,12,1,1,0,4,1,0,11,25,0.185,0.303,0.231,0.533,15,0,0,0,0,0,2,0.3,91,53
245,246,Billy McKinney2021,Billy McKinney,1st Half,2021,0,SPL,79,43,202,183,24,39,9,2,8,20,2,0,18,55,0.213,0.282,0.415,0.698,76,2,0,0,1,1,0,0.256,117,92
246,247,Zach McKinstry2021,Zach McKinstry,1st Half,2021,0,NL,47,33,143,129,19,32,7,0,7,29,1,1,10,38,0.248,0.303,0.465,0.768,60,2,1,1,2,1,0,0.291,130,111
247,248,Ryan McMahon2021,Ryan McMahon,1st Half,2021,0,NL,86,78,335,302,50,77,16,1,16,47,4,1,28,90,0.255,0.316,0.474,0.79,143,5,1,0,4,2,0,0.305,101,118
248,249,Jeff McNeil2021,Jeff McNeil,1st Half,2021,0,NL,54,46,188,166,20,43,5,0,3,14,1,0,16,24,0.259,0.346,0.343,0.689,57,3,6,0,0,0,1,0.288,104,95
249,250,Austin Meadows2021,Austin Meadows,1st Half,2021,0,AL,84,79,359,312,51,75,23,1,16,58,3,0,41,85,0.24,0.334,0.474,0.809,148,4,4,0,2,3,4,0.277,110,123
250,251,Francisco Mejia2021,Francisco Mejia,1st Half,2021,0,AL,46,37,153,137,13,34,9,0,3,14,0,0,8,27,0.248,0.316,0.38,0.695,52,3,6,1,1,0,1,0.287,90,94
251,252,Danny Mendick2021,Danny Mendick,1st Half,2021,0,AL,50,36,132,113,12,23,3,0,2,17,0,1,15,33,0.204,0.305,0.283,0.589,32,1,2,1,1,0,0,0.266,99,67
252,253,Yermin Mercedes2021,Yermin Mercedes,1st Half,2021,0,AL,68,62,262,240,26,65,9,1,7,37,0,1,20,46,0.271,0.328,0.404,0.732,97,7,1,0,1,1,5,0.309,100,104
253,254,Jordy Mercer2021,Jordy Mercer,1st Half,2021,0,NL,32,18,77,74,8,20,4,0,1,1,0,0,3,20,0.27,0.299,0.365,0.664,27,0,0,0,0,0,1,0.359,98,85
254,255,Whit Merrifield2021,Whit Merrifield,1st Half,2021,1,AL,89,89,389,352,50,95,20,2,8,47,24,1,27,52,0.27,0.321,0.406,0.728,143,8,3,0,7,1,4,0.291,104,102
255,256,Brad Miller2021,Brad Miller,1st Half,2021,0,NL,71,36,177,156,27,39,4,1,9,25,3,0,21,60,0.25,0.339,0.462,0.801,72,3,0,0,0,2,0,0.345,108,122
256,257,Yadier Molina2021,Yadier Molina,1st Half,2021,1,NL,68,66,264,245,26,63,14,0,8,40,2,0,16,46,0.257,0.303,0.412,0.715,101,6,1,0,2,1,1,0.285,113,98
257,258,Yoan Moncada2021,Yoan Moncada,1st Half,2021,0,AL,78,78,334,272,38,74,15,1,5,39,2,1,55,84,0.272,0.401,0.39,0.791,106,2,5,0,2,0,1,0.373,102,124
258,259,Dylan Moore2021,Dylan Moore,1st Half,2021,0,AL,66,60,231,204,23,36,9,1,8,28,14,2,23,74,0.177,0.268,0.348,0.616,71,4,3,0,1,0,0,0.228,101,71
259,260,Colin Moran2021,Colin Moran,1st Half,2021,0,NL,49,43,174,157,11,44,9,0,4,23,1,0,14,46,0.28,0.345,0.414,0.759,65,1,2,0,1,0,0,0.37,109,112
260,261,Mitch Moreland2021,Mitch Moreland,1st Half,2021,0,AL,57,46,175,160,19,38,6,0,6,22,0,0,11,44,0.238,0.286,0.388,0.673,62,2,1,0,3,0,0,0.283,94,87
261,262,Ryan Mountcastle2021,Ryan Mountcastle,1st Half,2021,0,AL,83,81,328,302,39,77,14,1,14,48,3,2,20,94,0.255,0.305,0.447,0.752,135,6,3,0,3,0,1,0.32,91,107
262,263,Mike Moustakas2021,Mike Moustakas,1st Half,2021,0,NL,28,26,104,87,15,21,5,0,4,13,0,0,12,18,0.241,0.337,0.437,0.773,38,4,2,0,3,0,0,0.25,137,115
263,264,Cedric Mullins2021,Cedric Mullins,1st Half,2021,1,AL,88,84,380,338,49,106,23,3,16,35,16,5,34,72,0.314,0.38,0.541,0.921,183,1,4,0,3,1,0,0.356,110,155
264,265,Max Muncy2021,Max Muncy,1st Half,2021,1,NL,78,74,319,256,54,69,15,1,19,52,1,0,58,57,0.27,0.414,0.559,0.972,143,4,5,0,0,4,3,0.278,119,170
265,266,Sean Murphy2021,Sean Murphy,1st Half,2021,0,AL,74,68,284,248,31,55,15,0,12,43,0,0,24,72,0.222,0.313,0.427,0.741,106,6,10,0,2,0,2,0.259,108,105
266,267,Tom Murphy2021,Tom Murphy,1st Half,2021,0,AL,55,49,188,165,21,32,7,0,7,19,0,0,18,63,0.194,0.274,0.364,0.638,60,3,1,0,2,0,1,0.258,94,77
267,268,Wil Myers2021,Wil Myers,1st Half,2021,0,NL,82,69,291,257,27,65,13,1,10,37,5,5,31,79,0.253,0.33,0.428,0.758,110,6,0,0,3,2,1,0.322,97,111
268,269,Tyler Naquin2021,Tyler Naquin,1st Half,2021,0,NL,79,64,281,252,28,61,11,0,13,49,4,2,21,71,0.242,0.31,0.441,0.75,111,5,5,0,3,1,1,0.281,85,107
269,270,Omar Narvaez2021,Omar Narvaez,1st Half,2021,1,NL,71,56,250,213,34,64,12,0,8,26,0,0,29,43,0.301,0.396,0.47,0.866,100,6,6,0,2,2,1,0.342,133,142
270,271,Josh Naylor2021,Josh Naylor,1st Half,2021,0,AL,69,65,250,233,28,59,13,0,7,21,1,0,14,45,0.253,0.301,0.399,0.7,93,7,2,0,0,1,3,0.287,100,94
271,272,Sheldon Neuse2021,Sheldon Neuse,1st Half,2021,0,NL,28,12,59,58,6,10,1,0,3,4,0,1,1,22,0.172,0.186,0.345,0.531,20,1,0,0,0,0,0,0.212,109,45
272,273,Kevin Newman2021,Kevin Newman,1st Half,2021,0,NL,83,77,319,300,27,63,8,1,3,13,2,0,16,22,0.21,0.252,0.273,0.525,82,3,1,1,1,1,1,0.217,83,48
273,274,Tomas Nido2021,Tomas Nido,1st Half,2021,0,NL,36,27,98,91,12,23,2,1,3,12,0,0,4,25,0.253,0.306,0.396,0.702,36,2,3,0,0,1,1,0.318,138,95
274,275,Brandon Nimmo2021,Brandon Nimmo,1st Half,2021,0,NL,32,28,126,109,17,36,10,0,2,15,2,2,15,36,0.33,0.416,0.477,0.893,52,1,1,1,0,0,1,0.479,113,150
275,276,Dom Nunez2021,Dom Nunez,1st Half,2021,0,NL,52,48,175,152,21,26,9,2,5,21,0,0,22,64,0.171,0.274,0.355,0.63,54,0,0,0,1,4,0,0.25,83,75
276,277,Ryan O'Hearn2021,Ryan O'Hearn,1st Half,2021,0,AL,37,30,125,119,13,26,2,0,6,13,0,0,6,37,0.219,0.256,0.387,0.643,46,3,0,0,0,0,3,0.263,100,77
277,278,Tyler O'Neill2021,Tyler O'Neill,1st Half,2021,0,NL,68,64,252,229,38,63,17,0,15,37,7,3,15,76,0.275,0.333,0.546,0.879,125,4,6,0,2,0,3,0.343,92,141
278,279,Rougned Odor2021,Rougned Odor,1st Half,2021,0,AL,52,44,182,165,22,36,7,0,9,21,0,0,13,48,0.218,0.291,0.424,0.715,70,3,4,0,0,0,2,0.25,114,97
279,280,Shohei Ohtani2021,Shohei Ohtani,1st Half,2021,1,AL,84,79,343,301,65,84,19,4,33,70,12,4,38,98,0.279,0.364,0.698,1.062,210,4,3,0,1,5,5,0.298,116,188
280,281,Matt Olson2021,Matt Olson,1st Half,2021,1,AL,86,86,364,312,58,88,20,0,23,59,3,1,42,60,0.282,0.371,0.567,0.938,177,7,5,0,5,3,1,0.278,105,158
281,282,Rafael Ortega2021,Rafael Ortega,1st Half,2021,0,NL,33,14,70,64,6,15,2,0,2,5,2,2,4,17,0.234,0.29,0.359,0.649,23,1,1,1,0,0,2,0.289,58,81
282,283,Marcell Ozuna2021,Marcell Ozuna,1st Half,2021,0,NL,48,48,208,188,21,40,6,0,7,26,0,0,19,46,0.213,0.289,0.356,0.645,67,6,1,0,0,0,0,0.244,100,80
283,284,Cristian Pache2021,Cristian Pache,1st Half,2021,0,NL,22,20,68,63,6,7,3,0,1,4,0,0,2,25,0.111,0.152,0.206,0.358,13,1,1,2,0,0,2,0.162,100,-1
284,285,Joe Panik2021,Joe Panik,1st Half,2021,0,SPL,51,36,150,137,12,32,6,0,3,13,2,0,12,21,0.234,0.293,0.343,0.636,47,4,0,0,1,1,2,0.254,131,78
285,286,Joc Pederson2021,Joc Pederson,1st Half,2021,0,SPL,73,66,287,256,35,59,11,2,11,39,2,3,22,74,0.231,0.3,0.418,0.718,107,5,5,0,4,0,2,0.274,96,99
286,287,David Peralta2021,David Peralta,1st Half,2021,0,NL,85,76,329,300,32,76,18,6,4,41,1,1,27,53,0.253,0.319,0.393,0.712,118,6,2,0,0,2,3,0.296,96,99
287,288,Jose Peraza2021,Jose Peraza,1st Half,2021,0,NL,50,35,134,124,19,26,7,0,6,19,0,0,7,23,0.21,0.269,0.411,0.68,51,4,3,0,0,0,1,0.211,109,87
288,289,Michael Perez2021,Michael Perez,1st Half,2021,0,NL,40,31,125,114,10,16,4,0,6,13,0,0,9,36,0.14,0.216,0.333,0.549,38,2,2,0,0,1,3,0.139,113,51
289,290,Roberto Perez2021,Roberto Perez,1st Half,2021,0,AL,24,24,93,80,9,13,2,0,5,14,1,0,11,30,0.163,0.272,0.375,0.647,30,1,1,1,0,0,0,0.178,129,79
290,291,Salvador Perez2021,Salvador Perez,1st Half,2021,1,AL,89,89,363,349,41,96,16,0,21,53,0,0,8,98,0.275,0.3,0.501,0.802,175,9,5,0,1,2,5,0.325,87,119
291,292,Jace Peterson2021,Jace Peterson,1st Half,2021,0,NL,43,30,135,110,22,28,6,1,4,20,5,0,24,29,0.255,0.385,0.436,0.822,48,0,0,0,1,0,1,0.308,129,130
292,293,Tommy Pham2021,Tommy Pham,1st Half,2021,0,NL,89,76,338,283,47,72,12,2,9,30,12,5,48,75,0.254,0.367,0.406,0.773,115,7,4,0,3,0,4,0.312,114,117
293,294,Brett Phillips2021,Brett Phillips,1st Half,2021,0,AL,70,49,187,159,27,32,7,1,4,19,11,3,24,73,0.201,0.308,0.333,0.641,53,1,1,2,1,0,0,0.337,81,80
294,295,Kevin Pillar2021,Kevin Pillar,1st Half,2021,0,NL,67,50,203,193,24,42,7,1,8,23,2,2,8,48,0.218,0.256,0.389,0.645,75,5,2,0,0,0,1,0.248,86,78
295,296,Manny Pina2021,Manny Pina,1st Half,2021,0,NL,41,28,108,91,10,12,2,0,5,10,0,0,14,19,0.132,0.259,0.319,0.578,29,3,2,0,1,0,0,0.103,61,61
296,297,Chad Pinder2021,Chad Pinder,1st Half,2021,0,AL,46,35,145,134,16,29,10,0,3,13,0,0,8,40,0.216,0.269,0.358,0.627,48,4,2,0,1,0,1,0.283,77,74
297,298,Stephen Piscotty2021,Stephen Piscotty,1st Half,2021,0,AL,56,43,160,147,13,30,7,0,5,13,1,0,12,40,0.204,0.269,0.354,0.623,52,2,1,0,0,0,1,0.245,96,73
298,299,Kevin Plawecki2021,Kevin Plawecki,1st Half,2021,0,AL,27,19,71,64,7,16,3,0,1,3,0,0,5,12,0.25,0.314,0.344,0.658,22,2,1,1,0,0,1,0.294,78,85
299,300,Gregory Polanco2021,Gregory Polanco,1st Half,2021,0,NL,70,59,252,221,23,44,7,1,9,23,8,0,26,74,0.199,0.278,0.362,0.64,80,3,0,0,5,2,0,0.245,101,78
300,301,Jorge Polanco2021,Jorge Polanco,1st Half,2021,0,AL,82,80,349,313,49,79,18,1,12,43,7,3,28,53,0.252,0.318,0.431,0.749,135,1,4,0,4,0,4,0.266,84,108
301,302,AJ Pollock2021,AJ Pollock,1st Half,2021,0,SPL,64,50,217,199,28,54,13,0,12,33,2,0,16,49,0.271,0.332,0.518,0.849,103,2,2,0,0,3,1,0.304,90,134
302,303,Buster Posey2021,Buster Posey,1st Half,2021,1,NL,58,55,233,201,35,66,8,0,12,28,0,0,31,44,0.328,0.421,0.547,0.968,110,10,1,0,0,4,0,0.372,118,169
303,304,Jurickson Profar2021,Jurickson Profar,1st Half,2021,0,NL,85,62,279,237,33,55,11,1,1,20,10,2,36,45,0.232,0.336,0.3,0.635,71,8,2,1,2,1,3,0.28,96,81
304,305,Albert Pujols2021,Albert Pujols,1st Half,2021,0,SPL,63,45,208,195,21,47,2,0,13,35,1,0,8,29,0.241,0.284,0.451,0.735,88,9,4,0,1,2,0,0.221,104,102
305,306,Roman Quinn2021,Roman Quinn,1st Half,2021,0,NL,28,14,62,52,8,9,2,2,0,2,4,3,6,19,0.173,0.307,0.289,0.595,15,0,4,0,0,0,0,0.273,100,68
306,307,Luke Raley2021,Luke Raley,1st Half,2021,0,NL,27,10,56,50,3,9,1,0,1,2,0,0,2,20,0.18,0.268,0.26,0.528,13,1,4,0,0,1,0,0.276,98,49
307,308,Harold Ramirez2021,Harold Ramirez,1st Half,2021,0,AL,57,50,200,186,24,52,13,1,6,22,2,0,9,29,0.28,0.325,0.457,0.782,85,5,4,0,1,1,6,0.303,121,116
308,309,Jose Ramirez2021,Jose Ramirez,1st Half,2021,1,AL,82,81,335,292,60,76,18,1,19,52,8,2,35,44,0.26,0.346,0.524,0.87,153,10,5,0,3,6,2,0.246,95,140
309,310,Wilson Ramos2021,Wilson Ramos,1st Half,2021,0,SPL,35,33,128,120,12,24,5,0,6,13,0,0,6,29,0.2,0.238,0.392,0.63,47,1,0,0,0,0,1,0.212,95,73
310,311,J.T. Realmuto2021,J.T. Realmuto,1st Half,2021,1,NL,70,62,276,235,33,63,12,2,8,34,5,2,33,64,0.268,0.37,0.438,0.808,103,1,6,0,2,2,4,0.333,108,126
311,312,Josh Reddick2021,Josh Reddick,1st Half,2021,0,NL,43,31,140,133,12,36,11,0,1,17,0,0,6,27,0.271,0.3,0.376,0.676,50,3,0,0,1,0,2,0.33,107,88
312,313,Rob Refsnyder2021,Rob Refsnyder,1st Half,2021,0,AL,18,16,62,56,10,18,4,0,2,10,0,0,5,15,0.321,0.371,0.5,0.871,28,1,0,0,1,0,0,0.4,162,142
313,314,Anthony Rendon2021,Anthony Rendon,1st Half,2021,0,AL,58,58,249,217,24,52,13,0,6,34,0,0,29,41,0.24,0.329,0.383,0.712,83,11,1,0,2,2,2,0.267,100,99
314,315,Hunter Renfroe2021,Hunter Renfroe,1st Half,2021,0,AL,79,78,312,281,47,74,16,0,13,46,0,2,25,67,0.263,0.321,0.459,0.78,129,5,1,0,5,0,3,0.296,94,116
315,316,Luis Rengifo2021,Luis Rengifo,1st Half,2021,0,AL,23,20,81,76,9,12,1,0,2,6,0,0,3,17,0.158,0.2,0.25,0.45,19,1,1,1,0,0,0,0.175,62,25
316,317,Franmil Reyes2021,Franmil Reyes,1st Half,2021,0,AL,47,47,189,173,26,47,10,2,14,38,2,0,14,57,0.272,0.328,0.595,0.923,103,7,1,0,1,1,1,0.32,115,151
317,318,Pablo Reyes2021,Pablo Reyes,1st Half,2021,0,NL,34,12,55,52,8,11,2,0,0,1,2,0,3,12,0.212,0.255,0.25,0.505,13,2,0,0,0,0,3,0.275,46,43
318,319,Victor Reyes2021,Victor Reyes,1st Half,2021,0,AL,27,23,86,83,9,13,4,1,1,4,2,0,3,25,0.157,0.186,0.265,0.451,22,1,0,0,0,0,3,0.211,29,25
319,320,Bryan Reynolds2021,Bryan Reynolds,1st Half,2021,1,NL,87,84,364,318,50,96,21,0,16,51,3,1,42,74,0.302,0.387,0.519,0.906,165,8,3,0,1,3,4,0.349,99,151
320,321,Austin Riley2021,Austin Riley,1st Half,2021,0,NL,88,85,354,308,42,85,15,1,14,42,0,1,35,90,0.276,0.359,0.468,0.826,144,7,7,0,4,2,4,0.341,86,130
321,322,Edwin Rios2021,Edwin Rios,1st Half,2021,0,NL,25,11,60,51,4,4,0,0,1,1,0,0,7,18,0.078,0.217,0.137,0.354,7,3,2,0,0,0,0,0.094,100,3
322,323,Webster Rivas2021,Webster Rivas,1st Half,2021,0,NL,17,15,58,50,3,10,2,0,2,4,0,0,7,10,0.2,0.298,0.36,0.658,18,5,0,1,0,0,1,0.211,105,84
323,324,Rene Rivera2021,Rene Rivera,1st Half,2021,0,SPL,21,17,63,55,6,13,3,0,2,9,0,0,4,24,0.236,0.3,0.4,0.7,22,2,1,3,0,0,0,0.379,113,94
324,325,Anthony Rizzo2021,Anthony Rizzo,1st Half,2021,0,SPL,79,78,319,275,32,68,14,3,10,33,4,2,31,53,0.247,0.342,0.429,0.771,118,9,10,0,3,2,2,0.27,97,115
325,326,Luis Robert Jr.2021,Luis Robert,1st Half,2021,0,SPL,25,25,103,95,11,30,9,1,1,8,4,1,7,28,0.316,0.359,0.463,0.822,44,0,0,0,1,0,0,0.433,77,129
326,327,Daniel Robertson2021,Daniel Robertson,1st Half,2021,0,NL,50,13,90,73,10,12,2,0,2,4,0,0,12,28,0.164,0.303,0.274,0.577,20,1,3,1,1,1,0,0.227,100,64
327,328,Victor Robles2021,Victor Robles,1st Half,2021,0,NL,77,69,260,220,26,46,16,1,1,11,7,5,26,61,0.209,0.322,0.305,0.626,67,4,11,2,1,2,2,0.283,107,78
328,329,Brendan Rodgers2021,Brendan Rodgers,1st Half,2021,0,NL,41,36,150,134,12,35,6,1,5,20,0,0,11,28,0.261,0.333,0.433,0.766,58,2,4,0,1,0,1,0.294,94,113
329,330,Jake Rogers2021,Jake Rogers,1st Half,2021,0,AL,35,33,121,107,16,25,3,3,6,17,1,0,11,45,0.234,0.305,0.486,0.791,52,0,0,3,0,0,0,0.339,98,117
330,331,Jose Rojas2021,Jose Rojas,1st Half,2021,0,AL,46,30,137,128,19,27,13,0,4,10,2,0,8,37,0.211,0.263,0.406,0.669,52,1,1,0,0,0,1,0.264,97,84
331,332,Josh Rojas2021,Josh Rojas,1st Half,2021,0,NL,87,72,339,297,45,76,18,1,10,26,5,2,37,88,0.256,0.337,0.424,0.762,126,3,0,0,1,0,3,0.33,102,112
332,333,Miguel Rojas2021,Miguel Rojas,1st Half,2021,0,NL,68,64,281,256,37,66,16,2,4,25,7,1,21,40,0.258,0.324,0.383,0.707,98,4,4,0,0,0,4,0.293,98,98
333,334,Ben Rortvedt2021,Ben Rortvedt,1st Half,2021,0,AL,28,20,76,68,5,9,1,0,2,5,0,0,5,22,0.132,0.203,0.235,0.438,16,2,1,2,0,0,0,0.159,72,23
334,335,Amed Rosario2021,Amed Rosario,1st Half,2021,0,AL,80,75,314,294,40,76,9,4,5,25,8,0,18,65,0.259,0.306,0.367,0.673,108,9,2,0,0,0,4,0.317,85,88
335,336,Eddie Rosario2021,Eddie Rosario,1st Half,2021,0,SPL,78,78,306,283,29,72,15,1,7,46,9,2,17,47,0.254,0.296,0.389,0.685,110,3,1,2,3,0,2,0.28,87,90
336,337,Darin Ruf2021,Darin Ruf,1st Half,2021,0,NL,59,27,143,116,26,31,7,0,9,22,1,0,24,39,0.267,0.399,0.56,0.959,65,5,2,0,1,2,2,0.319,112,165
337,338,Rio Ruiz2021,Rio Ruiz,1st Half,2021,0,SPL,32,24,101,90,10,15,3,0,3,6,2,0,9,29,0.167,0.25,0.3,0.55,27,3,1,1,0,0,0,0.207,113,54
338,339,Gary Sanchez2021,Gary Sanchez,1st Half,2021,0,AL,69,63,268,230,35,50,10,0,15,35,0,0,35,73,0.217,0.328,0.457,0.785,105,10,3,0,0,3,1,0.247,115,117
339,340,Jesus Sanchez2021,Jesus Sanchez,1st Half,2021,0,NL,24,21,94,88,6,23,3,1,3,9,0,0,5,27,0.261,0.309,0.421,0.729,37,0,1,0,0,1,3,0.345,83,102
340,341,Pablo Sandoval2021,Pablo Sandoval,1st Half,2021,0,NL,60,6,77,65,10,13,0,0,4,11,0,0,10,22,0.2,0.325,0.385,0.709,25,2,2,0,0,0,0,0.231,120,98
341,342,Miguel Sano2021,Miguel Sano,1st Half,2021,0,AL,68,60,258,230,31,45,8,0,15,35,0,0,26,94,0.196,0.279,0.426,0.705,98,5,1,0,1,0,2,0.246,81,94
342,343,Carlos Santana2021,Carlos Santana,1st Half,2021,0,AL,89,89,375,309,48,76,9,0,15,50,2,0,59,56,0.246,0.368,0.421,0.789,130,5,3,0,4,3,2,0.252,139,121
343,344,Danny Santana2021,Danny Santana,1st Half,2021,0,AL,31,24,104,96,10,16,1,1,3,10,3,1,7,25,0.167,0.231,0.292,0.523,28,0,1,0,0,0,2,0.191,76,46
344,345,Anthony Santander2021,Anthony Santander,1st Half,2021,0,AL,58,55,230,212,21,48,15,0,6,23,0,1,12,57,0.226,0.271,0.382,0.653,81,7,2,1,3,0,1,0.276,83,81
345,346,Jonathan Schoop2021,Jonathan Schoop,1st Half,2021,0,AL,87,87,368,339,45,94,14,1,16,52,1,0,21,79,0.277,0.321,0.466,0.787,158,8,3,0,5,0,3,0.313,107,117
346,347,Kyle Schwarber2021,Kyle Schwarber,1st Half,2021,1,NL,72,72,303,265,42,67,9,0,25,53,1,1,31,88,0.253,0.34,0.57,0.91,151,4,5,0,2,1,4,0.273,94,149
347,348,Corey Seager2021,Corey Seager,1st Half,2021,0,NL,37,36,169,147,20,39,7,2,4,22,1,0,19,29,0.265,0.361,0.422,0.783,62,4,3,0,0,1,0,0.307,73,119
348,349,Kyle Seager2021,Kyle Seager,1st Half,2021,0,AL,89,88,368,333,32,71,16,1,16,50,2,1,29,97,0.213,0.28,0.411,0.691,137,4,3,0,3,1,1,0.247,92,91
349,350,Jean Segura2021,Jean Segura,1st Half,2021,0,NL,61,59,259,239,34,77,14,3,4,26,6,1,16,39,0.322,0.371,0.456,0.827,109,9,3,0,1,1,4,0.371,111,131
350,351,Marcus Semien2021,Marcus Semien,1st Half,2021,1,AL,87,86,394,354,67,98,21,1,22,56,10,1,37,94,0.277,0.345,0.528,0.873,187,5,1,0,2,0,1,0.317,101,140
351,352,Nick Senzel2021,Nick Senzel,1st Half,2021,0,NL,36,29,124,111,18,28,4,0,1,8,2,5,12,16,0.252,0.323,0.315,0.638,35,3,0,0,1,0,1,0.284,100,80
352,353,Pedro Severino2021,Pedro Severino,1st Half,2021,0,AL,61,57,224,200,20,44,8,0,4,17,0,0,23,55,0.22,0.299,0.32,0.619,64,6,0,0,1,1,3,0.282,81,74
353,354,Travis Shaw2021,Travis Shaw,1st Half,2021,0,SPL,56,48,202,178,14,34,8,0,6,28,0,0,19,51,0.191,0.279,0.337,0.616,60,2,3,1,1,0,1,0.23,88,72
354,355,Zack Short2021,Zack Short,1st Half,2021,0,AL,19,18,69,51,10,11,2,0,3,10,1,0,15,26,0.216,0.377,0.431,0.808,22,1,0,0,3,0,0,0.32,211,126
355,356,Magneuris Sierra2021,Magneuris Sierra,1st Half,2021,0,NL,71,21,122,111,17,27,3,0,0,0,6,0,11,24,0.243,0.312,0.27,0.582,30,1,0,0,0,4,0,0.31,111,65
356,357,Andrelton Simmons2021,Andrelton Simmons,1st Half,2021,0,AL,70,69,261,234,30,54,9,0,3,18,0,0,22,43,0.231,0.302,0.308,0.61,72,7,2,3,0,0,1,0.271,119,72
357,358,Chance Sisco2021,Chance Sisco,1st Half,2021,0,SPL,24,20,75,66,5,10,2,0,0,3,0,0,7,18,0.152,0.253,0.182,0.435,12,0,2,0,0,0,0,0.208,101,25
358,359,Austin Slater2021,Austin Slater,1st Half,2021,0,NL,74,36,199,180,23,40,3,1,9,22,8,2,18,64,0.222,0.297,0.4,0.697,72,5,1,0,0,0,1,0.29,87,93
359,360,Dominic Smith2021,Dominic Smith,1st Half,2021,0,NL,84,77,316,282,34,72,11,0,9,37,2,1,23,74,0.255,0.326,0.39,0.716,110,8,8,0,3,2,1,0.312,115,100
360,361,Kevan Smith2021,Kevan Smith,1st Half,2021,0,SPL,22,17,70,62,6,12,2,0,0,3,0,0,7,23,0.194,0.275,0.226,0.501,14,1,0,0,0,1,0,0.308,124,43
361,362,Pavin Smith2021,Pavin Smith,1st Half,2021,0,NL,87,76,342,316,41,83,18,3,7,28,1,0,23,65,0.263,0.316,0.405,0.721,128,8,2,0,1,0,1,0.31,97,101
362,363,Will Smith2021,Will Smith,1st Half,2021,0,NL,74,62,275,230,37,58,12,1,10,32,1,0,31,54,0.252,0.356,0.444,0.8,102,9,9,0,5,2,3,0.281,87,123
363,364,Eric Sogard2021,Eric Sogard,1st Half,2021,0,NL,73,37,171,160,16,40,5,1,1,11,3,1,9,30,0.25,0.287,0.313,0.599,50,5,0,0,2,1,0,0.298,101,69
364,365,Nick Solak2021,Nick Solak,1st Half,2021,0,AL,86,84,354,319,42,73,11,2,9,34,4,3,19,85,0.229,0.298,0.361,0.658,115,9,13,1,2,0,3,0.282,94,84
365,366,Donovan Solano2021,Donovan Solano,1st Half,2021,0,NL,60,50,224,202,23,53,11,0,3,21,1,0,16,42,0.262,0.317,0.361,0.678,73,6,2,0,4,0,5,0.311,82,90
366,367,Jorge Soler2021,Jorge Soler,1st Half,2021,0,SPL,82,79,314,269,27,50,15,0,7,30,0,0,31,88,0.186,0.279,0.32,0.599,86,8,5,0,3,0,2,0.243,62,68
367,368,Edmundo Sosa2021,Edmundo Sosa,1st Half,2021,0,NL,59,40,167,148,19,37,4,1,2,8,3,4,7,28,0.25,0.327,0.331,0.658,49,3,10,1,0,1,3,0.297,80,86
368,369,Juan Soto2021,Juan Soto,1st Half,2021,1,NL,79,76,332,272,54,77,9,1,11,42,5,5,58,52,0.283,0.407,0.445,0.852,121,13,0,0,2,7,1,0.313,71,139
369,370,George Springer2021,George Springer,1st Half,2021,0,AL,20,20,85,72,10,14,1,0,5,11,1,0,12,23,0.194,0.31,0.417,0.726,30,0,0,0,0,0,0,0.205,63,102
370,371,Jacob Stallings2021,Jacob Stallings,1st Half,2021,0,NL,66,59,246,219,22,50,15,1,7,36,0,0,25,51,0.228,0.313,0.402,0.715,88,4,2,0,0,0,1,0.267,102,99
371,372,Giancarlo Stanton2021,Giancarlo Stanton,1st Half,2021,0,AL,69,66,291,252,30,68,9,0,15,42,0,0,37,80,0.27,0.364,0.484,0.848,122,12,1,0,1,1,3,0.335,97,135
372,373,Max Stassi2021,Max Stassi,1st Half,2021,0,AL,38,33,130,115,25,34,5,0,6,16,0,0,12,38,0.296,0.377,0.496,0.873,57,6,3,0,0,0,1,0.394,132,142
373,374,Tyler Stephenson2021,Tyler Stephenson,1st Half,2021,0,NL,72,46,226,195,34,55,13,0,5,22,0,0,25,41,0.282,0.381,0.426,0.806,83,9,6,0,0,1,2,0.336,103,126
374,375,Andrew Stevenson2021,Andrew Stevenson,1st Half,2021,0,NL,54,21,108,97,14,22,2,0,2,10,0,1,6,32,0.227,0.283,0.309,0.592,30,3,2,2,1,0,2,0.313,87,66
375,376,DJ Stewart2021,DJ Stewart,1st Half,2021,0,SPL,63,51,209,181,24,37,6,0,7,23,0,0,26,62,0.204,0.311,0.354,0.665,64,3,2,0,0,0,2,0.268,91,86
376,377,Trevor Story2021,Trevor Story,1st Half,2021,0,NL,77,76,322,285,42,71,18,2,11,42,17,4,29,72,0.249,0.323,0.442,0.765,126,3,4,0,4,2,3,0.291,92,112
377,378,Myles Straw2021,Myles Straw,1st Half,2021,0,SPL,86,83,332,289,40,77,11,1,2,28,13,5,36,61,0.266,0.347,0.332,0.68,96,7,2,1,4,0,5,0.326,95,92
378,379,Eugenio Suarez2021,Eugenio Suarez,1st Half,2021,0,NL,86,84,359,320,43,56,9,0,18,50,0,1,30,107,0.175,0.256,0.372,0.628,119,8,6,0,3,0,1,0.192,76,73
379,380,Kurt Suzuki2021,Kurt Suzuki,1st Half,2021,0,AL,43,37,146,128,10,28,4,0,2,7,0,0,8,29,0.219,0.299,0.297,0.596,38,4,7,2,1,0,0,0.265,89,68
380,381,Dansby Swanson2021,Dansby Swanson,1st Half,2021,0,NL,89,88,362,329,40,80,20,2,15,40,6,3,26,102,0.243,0.302,0.453,0.755,149,7,3,1,3,4,4,0.302,98,108
381,382,Raimel Tapia2021,Raimel Tapia,1st Half,2021,0,NL,88,79,367,336,53,95,20,0,5,39,15,3,28,50,0.283,0.336,0.387,0.723,130,3,0,1,2,2,3,0.318,107,102
382,383,Fernando Tatis Jr.2021,Fernando Tatis,1st Half,2021,1,NL,74,72,313,273,67,78,17,0,28,60,20,2,36,88,0.286,0.364,0.656,1.02,179,3,0,0,4,4,4,0.311,107,178
383,384,Mike Tauchman2021,Mike Tauchman,1st Half,2021,0,SPL,63,42,177,153,19,28,5,0,4,15,3,3,22,52,0.183,0.29,0.294,0.584,45,0,1,1,0,0,1,0.247,106,65
384,385,Chris Taylor2021,Chris Taylor,1st Half,2021,1,NL,86,78,343,292,63,81,15,3,10,46,8,1,43,88,0.277,0.382,0.452,0.834,132,4,7,0,1,1,1,0.364,114,133
385,386,Michael A. Taylor2021,Michael A. Taylor,1st Half,2021,0,AL,80,76,292,270,35,67,7,1,8,32,6,3,19,92,0.248,0.301,0.37,0.672,100,6,2,0,1,0,2,0.345,105,87
386,387,Tyrone Taylor2021,Tyrone Taylor,1st Half,2021,0,NL,57,30,155,136,16,31,4,1,7,24,5,1,11,37,0.228,0.316,0.427,0.743,58,2,7,0,1,0,2,0.258,92,106
387,388,Rowdy Tellez2021,Rowdy Tellez,1st Half,2021,0,SPL,55,37,161,147,12,30,4,1,4,8,0,0,11,36,0.204,0.273,0.327,0.6,48,3,3,0,0,1,1,0.243,69,68
388,389,Ka'ai Tom2021,Ka'ai Tom,1st Half,2021,0,SPL,48,34,133,108,10,15,2,1,2,12,1,0,17,36,0.139,0.278,0.232,0.51,25,1,5,0,3,1,0,0.178,100,45
389,390,Abraham Toro2021,Abraham Toro,1st Half,2021,0,SPL,27,22,93,83,13,19,1,0,3,16,3,1,8,15,0.229,0.301,0.349,0.651,29,1,1,0,1,0,2,0.242,89,82
390,391,Luis Torrens2021,Luis Torrens,1st Half,2021,0,AL,47,43,165,149,19,33,6,1,9,20,0,0,14,40,0.222,0.291,0.456,0.747,68,4,1,0,1,1,1,0.238,103,105
391,392,Gleyber Torres2021,Gleyber Torres,1st Half,2021,0,AL,77,76,317,279,26,67,10,0,3,29,6,2,36,63,0.24,0.326,0.308,0.634,86,6,0,1,1,0,2,0.299,83,80
392,393,Ronald Torreyes2021,Ronald Torreyes,1st Half,2021,0,NL,42,32,134,127,13,35,7,0,3,20,1,1,5,18,0.276,0.308,0.402,0.71,51,2,1,1,0,0,1,0.302,124,97
393,394,Taylor Trammell2021,Taylor Trammell,1st Half,2021,0,AL,51,48,178,156,23,25,7,0,8,18,2,3,17,75,0.16,0.256,0.359,0.615,56,1,3,2,0,0,1,0.233,100,70
394,395,Jose Trevino2021,Jose Trevino,1st Half,2021,0,AL,54,47,174,165,14,38,4,0,3,17,0,1,4,35,0.23,0.244,0.309,0.553,51,9,0,2,3,0,1,0.269,82,54
395,396,Mike Trout2021,Mike Trout,1st Half,2021,1,AL,36,36,146,117,23,39,8,1,8,18,2,0,27,41,0.333,0.466,0.624,1.09,73,0,2,0,0,5,0,0.456,100,202
396,397,Yoshi Tsutsugo2021,Yoshi Tsutsugo,1st Half,2021,0,SPL,38,25,118,103,7,16,4,0,0,7,0,0,14,39,0.155,0.256,0.194,0.451,20,1,0,1,0,0,0,0.25,34,29
397,398,Kyle Tucker2021,Kyle Tucker,1st Half,2021,0,AL,79,76,325,292,48,79,21,1,15,49,7,1,27,52,0.271,0.33,0.503,0.834,147,5,1,0,4,2,3,0.28,82,129
398,399,Justin Turner2021,Justin Turner,1st Half,2021,1,NL,84,80,353,305,50,93,14,0,15,50,0,0,39,62,0.305,0.391,0.498,0.889,152,9,6,0,3,0,4,0.338,114,147
399,400,Trea Turner2021,Trea Turner,1st Half,2021,1,NL,85,85,375,346,56,110,15,2,17,42,19,3,24,70,0.318,0.365,0.52,0.886,180,10,3,0,2,0,1,0.356,94,145
400,401,Justin Upton2021,Justin Upton,1st Half,2021,0,AL,63,62,256,223,40,55,10,0,14,32,3,1,30,74,0.247,0.336,0.48,0.816,107,7,1,0,2,0,1,0.299,131,125
401,402,Luis Urias2021,Luis Urias,1st Half,2021,0,NL,86,77,330,287,43,68,14,1,12,42,5,0,34,76,0.237,0.328,0.418,0.746,120,4,6,0,2,2,2,0.279,89,108
402,403,Ramon Urias2021,Ramon Urias,1st Half,2021,0,AL,37,29,113,102,14,29,5,0,4,14,0,1,9,26,0.284,0.354,0.451,0.805,46,1,2,0,0,0,0,0.347,108,124
403,404,Gio Urshela2021,Gio Urshela,1st Half,2021,0,AL,78,76,314,295,30,81,14,1,11,38,1,0,17,78,0.275,0.315,0.441,0.756,130,11,1,0,1,0,2,0.338,110,109
404,405,Pat Valaika2021,Pat Valaika,1st Half,2021,0,AL,57,41,163,148,9,29,5,0,1,13,1,1,12,44,0.196,0.259,0.25,0.509,37,1,1,1,1,0,0,0.269,90,44
405,406,Josh VanMeter2021,Josh VanMeter,1st Half,2021,0,NL,54,28,131,112,12,21,6,1,2,13,0,0,17,40,0.188,0.298,0.313,0.61,35,1,1,0,1,0,3,0.268,89,72
406,407,Ildemaro Vargas2021,Ildemaro Vargas,1st Half,2021,0,SPL,25,12,55,51,5,7,2,0,0,6,1,0,4,13,0.137,0.2,0.177,0.377,9,1,0,0,0,0,0,0.184,72,7
407,408,Daulton Varsho2021,Daulton Varsho,1st Half,2021,0,NL,35,21,96,84,9,12,3,0,1,7,1,0,12,24,0.143,0.25,0.214,0.464,18,0,0,0,0,0,1,0.186,28,32
408,409,Andrew Vaughn2021,Andrew Vaughn,1st Half,2021,0,AL,75,68,272,241,38,61,18,0,10,26,1,1,22,68,0.253,0.32,0.452,0.772,109,6,4,0,5,0,7,0.304,118,113
409,410,Christian Vazquez2021,Christian Vazquez,1st Half,2021,0,AL,79,72,299,276,33,72,13,0,4,34,8,1,18,57,0.261,0.308,0.351,0.659,97,6,2,0,3,0,2,0.312,100,85
410,411,Alex Verdugo2021,Alex Verdugo,1st Half,2021,0,AL,83,79,356,320,55,89,18,1,9,36,4,1,31,46,0.278,0.346,0.425,0.771,136,8,3,0,2,2,0,0.3,98,115
411,412,Jonathan Villar2021,Jonathan Villar,1st Half,2021,0,NL,69,54,234,208,33,49,10,1,10,19,8,4,23,57,0.236,0.318,0.438,0.755,91,3,2,1,0,2,1,0.277,104,109
412,413,Daniel Vogelbach2021,Daniel Vogelbach,1st Half,2021,0,NL,67,43,198,171,23,37,8,0,7,16,0,0,27,42,0.216,0.323,0.386,0.709,66,3,0,0,0,1,2,0.246,94,98
413,414,Stephen Vogt2021,Stephen Vogt,1st Half,2021,0,SPL,52,35,151,132,17,28,6,1,5,17,0,0,18,36,0.212,0.307,0.386,0.693,51,2,0,1,0,1,1,0.253,124,93
414,415,Luke Voit2021,Luke Voit,1st Half,2021,0,AL,29,29,122,108,13,26,3,1,3,11,0,0,11,36,0.241,0.328,0.37,0.698,40,3,3,0,0,0,1,0.333,85,96
415,416,Jason Vosler2021,Jason Vosler,1st Half,2021,0,NL,31,14,64,57,11,12,4,0,3,8,2,0,6,12,0.211,0.297,0.439,0.736,25,3,1,0,0,1,0,0.214,139,103
416,417,Joey Votto2021,Joey Votto,1st Half,2021,0,NL,61,60,248,218,26,56,10,1,11,40,1,0,28,58,0.257,0.347,0.463,0.81,101,5,2,0,0,1,1,0.302,75,125
417,418,LaMonte Wade Jr.2021,LaMonte Wade,1st Half,2021,0,NL,39,29,136,117,18,29,4,1,7,17,2,0,14,26,0.248,0.341,0.479,0.819,56,2,3,1,1,0,1,0.259,104,127
418,419,Tyler Wade2021,Tyler Wade,1st Half,2021,0,AL,53,14,57,53,15,12,1,1,0,2,4,2,4,15,0.226,0.281,0.283,0.564,15,2,0,0,0,0,1,0.316,67,59
419,420,Christian Walker2021,Christian Walker,1st Half,2021,0,NL,55,48,214,197,25,44,9,1,4,21,0,0,14,48,0.223,0.28,0.34,0.621,67,5,2,0,1,0,1,0.274,78,73
420,421,Chad Wallach2021,Chad Wallach,1st Half,2021,0,NL,22,19,65,59,2,12,2,1,0,6,0,0,3,31,0.203,0.246,0.271,0.517,16,1,1,0,2,0,0,0.4,103,45
421,422,Taylor Walls2021,Taylor Walls,1st Half,2021,0,AL,33,28,114,98,10,23,9,0,1,12,3,2,15,32,0.235,0.336,0.357,0.693,35,2,0,1,0,0,1,0.339,128,95
422,423,Jared Walsh2021,Jared Walsh,1st Half,2021,1,AL,87,82,354,324,47,90,22,1,22,65,2,1,26,98,0.278,0.336,0.556,0.892,180,7,3,0,1,4,2,0.332,108,144
423,424,Donovan Walton2021,Donovan Walton,1st Half,2021,0,AL,22,18,69,63,6,13,2,1,2,7,1,0,4,15,0.206,0.254,0.365,0.619,23,1,0,2,0,0,1,0.239,100,71
424,425,Taylor Ward2021,Taylor Ward,1st Half,2021,0,AL,59,54,219,193,28,44,12,0,7,28,1,1,18,54,0.228,0.312,0.399,0.711,77,4,6,1,1,0,2,0.278,85,98
425,426,Joey Wendle2021,Joey Wendle,1st Half,2021,1,AL,76,66,277,251,45,69,21,1,7,33,6,5,17,62,0.275,0.336,0.45,0.786,113,5,7,0,2,3,3,0.337,112,118
426,427,Eli White2021,Eli White,1st Half,2021,0,AL,49,41,166,152,23,30,4,1,4,12,3,2,11,49,0.197,0.265,0.316,0.581,48,2,3,0,0,0,1,0.263,105,62
427,428,Evan White2021,Evan White,1st Half,2021,0,AL,30,28,104,97,8,14,3,0,2,9,0,0,6,31,0.144,0.202,0.237,0.439,23,1,1,0,0,0,0,0.188,100,23
428,429,Stevie Wilkerson2021,Stevie Wilkerson,1st Half,2021,0,AL,30,19,76,72,5,12,3,0,0,2,2,0,3,30,0.167,0.211,0.208,0.419,15,0,1,0,0,0,0,0.286,100,18
429,430,Justin Williams2021,Justin Williams,1st Half,2021,0,NL,51,33,137,119,10,19,0,0,4,11,0,1,17,46,0.16,0.27,0.261,0.531,31,2,1,0,0,5,2,0.217,100,50
430,431,Luke Williams2021,Luke Williams,1st Half,2021,0,NL,27,13,62,58,5,16,4,0,1,4,1,1,4,12,0.276,0.323,0.397,0.719,23,0,0,0,0,0,1,0.333,128,101
431,432,Jesse Winker2021,Jesse Winker,1st Half,2021,1,NL,82,78,361,319,58,96,17,1,19,50,1,0,36,62,0.301,0.382,0.539,0.922,172,10,6,0,0,1,1,0.324,94,155
432,433,Patrick Wisdom2021,Patrick Wisdom,1st Half,2021,0,NL,43,28,124,115,21,31,4,0,12,23,2,1,8,48,0.27,0.323,0.617,0.94,71,1,1,0,0,0,0,0.346,125,155
433,434,Kolten Wong2021,Kolten Wong,1st Half,2021,0,NL,53,49,214,196,30,57,15,1,7,20,6,4,12,33,0.291,0.346,0.485,0.831,95,0,5,0,1,1,1,0.319,112,130
434,435,Mike Yastrzemski2021,Mike Yastrzemski,1st Half,2021,0,NL,71,65,296,256,44,60,20,2,12,34,1,0,32,63,0.234,0.335,0.469,0.803,120,1,7,0,1,2,2,0.264,110,122
435,436,Christian Yelich2021,Christian Yelich,1st Half,2021,0,NL,59,54,238,187,39,45,7,1,5,24,6,1,47,66,0.241,0.399,0.369,0.768,69,3,3,0,1,4,2,0.342,109,118
436,437,Bradley Zimmer2021,Bradley Zimmer,1st Half,2021,0,AL,37,29,119,96,13,21,1,1,0,11,5,1,15,43,0.219,0.37,0.25,0.62,24,0,8,0,0,0,1,0.396,87,79
437,438,Ryan Zimmerman2021,Ryan Zimmerman,1st Half,2021,0,NL,61,30,159,153,16,37,7,0,9,24,0,0,6,42,0.242,0.27,0.464,0.735,71,2,0,0,0,0,1,0.275,93,101
438,439,Mike Zunino2021,Mike Zunino,1st Half,2021,1,AL,61,55,212,187,34,37,5,0,19,37,0,0,20,83,0.198,0.288,0.529,0.817,99,3,4,0,1,0,2,0.209,90,122
